position_id,employee_id
26,1
11,2
9,3
6,4
32,5
31,6
13,7
25,8
2,9
21,10
16,11
1,12
5,13
6,14
1,15
2,16
3,17
31,18
31,19
16,20
8,21
11,22
27,23
14,24
31,25
17,26
5,27
32,28
4,29
14,30
12,31
12,32
21,33
4,34
33,35
6,36
13,37
15,38
10,39
11,40
31,41
17,42
19,43
24,44
17,45
23,46
19,47
19,48
31,49
11,50
29,51
32,52
12,53
19,54
19,55
29,56
30,57
5,58
30,59
20,60
2,61
27,62
26,63
25,64
29,65
17,66
9,67
1,68
25,69
8,70
14,71
31,72
28,73
11,74
13,75
29,76
25,77
6,78
9,79
21,80
14,81
2,82
32,83
32,84
2,85
5,86
12,87
33,88
5,89
12,90
6,91
11,92
26,93
14,94
21,95
8,96
24,97
28,98
31,99
5,100
3,101
12,102
25,103
11,104
11,105
21,106
7,107
13,108
13,109
21,110
27,111
9,112
33,113
19,114
19,115
15,116
32,117
12,118
12,119
33,120
17,121
2,122
7,123
11,124
23,125
9,126
4,127
3,128
17,129
16,130
12,131
3,132
5,133
11,134
33,135
8,136
10,137
19,138
31,139
26,140
27,141
28,142
30,143
33,144
14,145
2,146
13,147
7,148
32,149
11,150
18,151
4,152
14,153
31,154
23,155
6,156
14,157
32,158
27,159
17,160
8,161
20,162
7,163
25,164
32,165
7,166
19,167
21,168
5,169
10,170
1,171
33,172
18,173
28,174
23,175
16,176
33,177
22,178
6,179
17,180
3,181
24,182
26,183
19,184
23,185
14,186
17,187
4,188
7,189
4,190
30,191
24,192
12,193
29,194
31,195
11,196
9,197
22,198
31,199
21,200
4,201
9,202
12,203
22,204
16,205
8,206
11,207
12,208
31,209
11,210
24,211
18,212
19,213
24,214
21,215
1,216
16,217
1,218
29,219
21,220
9,221
22,222
17,223
28,224
31,225
29,226
10,227
16,228
25,229
29,230
32,231
13,232
1,233
29,234
21,235
6,236
27,237
13,238
1,239
26,240
28,241
12,242
26,243
31,244
20,245
1,246
3,247
30,248
14,249
30,250
9,251
11,252
8,253
32,254
25,255
18,256
1,257
14,258
26,259
5,260
19,261
23,262
20,263
17,264
2,265
12,266
6,267
24,268
25,269
22,270
2,271
21,272
18,273
20,274
5,275
18,276
12,277
9,278
15,279
21,280
26,281
3,282
9,283
9,284
15,285
23,286
5,287
6,288
32,289
20,290
33,291
26,292
13,293
27,294
16,295
3,296
23,297
17,298
26,299
3,300
31,301
1,302
17,303
15,304
22,305
7,306
32,307
24,308
13,309
6,310
29,311
11,312
28,313
5,314
3,315
17,316
21,317
26,318
13,319
5,320
17,321
29,322
26,323
7,324
12,325
27,326
22,327
4,328
32,329
24,330
22,331
33,332
21,333
13,334
31,335
31,336
33,337
6,338
28,339
27,340
33,341
3,342
26,343
22,344
5,345
7,346
33,347
29,348
19,349
20,350
31,351
13,352
12,353
6,354
31,355
29,356
33,357
21,358
19,359
21,360
30,361
19,362
31,363
30,364
2,365
26,366
3,367
22,368
22,369
33,370
13,371
20,372
24,373
27,374
19,375
15,376
11,377
30,378
24,379
20,380
6,381
5,382
21,383
28,384
24,385
10,386
31,387
30,388
4,389
6,390
23,391
25,392
11,393
25,394
26,395
6,396
4,397
24,398
9,399
29,400
10,401
2,402
3,403
21,404
17,405
26,406
16,407
7,408
28,409
18,410
27,411
3,412
26,413
26,414
20,415
13,416
11,417
16,418
32,419
22,420
22,421
14,422
33,423
13,424
15,425
15,426
6,427
17,428
16,429
10,430
23,431
19,432
33,433
21,434
11,435
33,436
12,437
1,438
26,439
28,440
28,441
21,442
14,443
17,444
32,445
29,446
6,447
3,448
2,449
2,450
10,451
6,452
1,453
3,454
2,455
14,456
11,457
27,458
26,459
27,460
6,461
30,462
1,463
33,464
33,465
26,466
17,467
20,468
5,469
26,470
10,471
32,472
32,473
27,474
23,475
1,476
10,477
19,478
11,479
23,480
4,481
6,482
10,483
9,484
8,485
24,486
13,487
24,488
13,489
30,490
21,491
11,492
31,493
5,494
30,495
26,496
26,497
8,498
25,499
11,500
19,501
9,502
13,503
14,504
2,505
8,506
4,507
31,508
3,509
8,510
29,511
30,512
19,513
20,514
26,515
2,516
15,517
19,518
25,519
17,520
8,521
32,522
21,523
1,524
30,525
13,526
7,527
9,528
14,529
15,530
8,531
21,532
15,533
18,534
32,535
25,536
12,537
7,538
32,539
19,540
5,541
2,542
15,543
29,544
23,545
7,546
20,547
7,548
25,549
18,550
27,551
25,552
12,553
13,554
30,555
13,556
9,557
29,558
26,559
3,560
11,561
19,562
27,563
14,564
24,565
24,566
23,567
2,568
5,569
10,570
5,571
6,572
17,573
23,574
9,575
21,576
13,577
22,578
24,579
16,580
1,581
6,582
25,583
24,584
18,585
32,586
4,587
22,588
19,589
17,590
24,591
7,592
17,593
21,594
10,595
5,596
1,597
9,598
3,599
14,600
33,601
31,602
1,603
29,604
5,605
16,606
28,607
2,608
19,609
9,610
5,611
10,612
7,613
1,614
3,615
19,616
27,617
32,618
31,619
23,620
10,621
6,622
3,623
4,624
19,625
28,626
21,627
20,628
12,629
23,630
22,631
28,632
25,633
10,634
12,635
11,636
4,637
21,638
18,639
19,640
7,641
30,642
6,643
2,644
23,645
25,646
32,647
14,648
10,649
14,650
27,651
3,652
30,653
1,654
25,655
17,656
32,657
10,658
16,659
22,660
13,661
22,662
6,663
30,664
24,665
9,666
4,667
20,668
30,669
31,670
2,671
3,672
20,673
13,674
1,675
29,676
26,677
9,678
30,679
16,680
11,681
24,682
22,683
14,684
11,685
30,686
20,687
14,688
15,689
10,690
26,691
11,692
9,693
22,694
4,695
28,696
14,697
20,698
14,699
30,700
16,701
9,702
15,703
1,704
5,705
17,706
27,707
17,708
28,709
31,710
24,711
2,712
16,713
4,714
21,715
19,716
6,717
21,718
11,719
4,720
14,721
32,722
7,723
3,724
8,725
2,726
18,727
18,728
14,729
14,730
3,731
24,732
3,733
4,734
16,735
17,736
3,737
27,738
2,739
4,740
31,741
26,742
33,743
19,744
26,745
24,746
21,747
20,748
10,749
11,750
23,751
12,752
30,753
29,754
25,755
23,756
30,757
22,758
24,759
28,760
19,761
20,762
10,763
12,764
32,765
32,766
22,767
2,768
6,769
14,770
10,771
24,772
9,773
27,774
29,775
20,776
18,777
9,778
12,779
12,780
6,781
28,782
25,783
4,784
23,785
12,786
13,787
33,788
7,789
18,790
29,791
5,792
19,793
12,794
2,795
15,796
21,797
30,798
32,799
29,800
15,801
8,802
12,803
17,804
4,805
19,806
16,807
25,808
14,809
25,810
10,811
15,812
5,813
32,814
22,815
23,816
14,817
14,818
30,819
13,820
20,821
31,822
30,823
28,824
14,825
4,826
28,827
21,828
23,829
33,830
10,831
30,832
28,833
23,834
20,835
25,836
5,837
23,838
32,839
15,840
2,841
16,842
32,843
33,844
21,845
7,846
18,847
20,848
9,849
13,850
27,851
30,852
27,853
8,854
2,855
30,856
21,857
2,858
21,859
26,860
6,861
7,862
23,863
23,864
24,865
7,866
3,867
32,868
20,869
8,870
26,871
25,872
7,873
6,874
24,875
2,876
5,877
32,878
5,879
33,880
29,881
9,882
30,883
1,884
6,885
12,886
27,887
33,888
14,889
8,890
23,891
26,892
11,893
17,894
12,895
4,896
25,897
4,898
24,899
5,900
7,901
26,902
31,903
27,904
1,905
22,906
18,907
16,908
22,909
10,910
26,911
9,912
5,913
20,914
29,915
6,916
1,917
9,918
16,919
12,920
32,921
7,922
3,923
31,924
16,925
9,926
22,927
29,928
24,929
9,930
8,931
12,932
16,933
3,934
13,935
20,936
33,937
4,938
21,939
27,940
17,941
14,942
6,943
29,944
9,945
6,946
4,947
18,948
26,949
14,950
5,951
5,952
25,953
30,954
2,955
5,956
32,957
14,958
23,959
2,960
21,961
20,962
19,963
24,964
13,965
7,966
7,967
15,968
7,969
10,970
23,971
19,972
29,973
1,974
32,975
13,976
17,977
7,978
16,979
23,980
2,981
22,982
18,983
1,984
29,985
27,986
17,987
31,988
8,989
25,990
9,991
18,992
13,993
27,994
8,995
13,996
6,997
19,998
22,999
15,1000
19,1001
1,1002
30,1003
9,1004
2,1005
29,1006
17,1007
23,1008
18,1009
22,1010
20,1011
4,1012
12,1013
9,1014
11,1015
29,1016
31,1017
25,1018
1,1019
9,1020
7,1021
4,1022
28,1023
28,1024
32,1025
9,1026
22,1027
12,1028
29,1029
13,1030
19,1031
17,1032
18,1033
23,1034
8,1035
3,1036
26,1037
29,1038
32,1039
20,1040
10,1041
5,1042
1,1043
13,1044
1,1045
27,1046
14,1047
18,1048
19,1049
13,1050
32,1051
7,1052
2,1053
17,1054
11,1055
22,1056
29,1057
23,1058
18,1059
12,1060
15,1061
30,1062
16,1063
22,1064
14,1065
17,1066
30,1067
9,1068
20,1069
27,1070
33,1071
13,1072
11,1073
11,1074
22,1075
15,1076
22,1077
2,1078
12,1079
12,1080
29,1081
29,1082
17,1083
26,1084
1,1085
13,1086
15,1087
17,1088
32,1089
8,1090
15,1091
31,1092
1,1093
22,1094
32,1095
32,1096
22,1097
9,1098
11,1099
12,1100
6,1101
11,1102
3,1103
3,1104
20,1105
1,1106
10,1107
14,1108
18,1109
9,1110
4,1111
13,1112
15,1113
31,1114
14,1115
20,1116
24,1117
14,1118
23,1119
3,1120
4,1121
9,1122
7,1123
21,1124
27,1125
16,1126
13,1127
26,1128
25,1129
27,1130
18,1131
13,1132
27,1133
22,1134
33,1135
25,1136
20,1137
5,1138
31,1139
21,1140
8,1141
15,1142
20,1143
19,1144
21,1145
21,1146
16,1147
11,1148
25,1149
32,1150
32,1151
13,1152
32,1153
21,1154
20,1155
10,1156
14,1157
6,1158
33,1159
26,1160
7,1161
26,1162
27,1163
26,1164
15,1165
16,1166
20,1167
12,1168
33,1169
3,1170
6,1171
7,1172
22,1173
17,1174
8,1175
25,1176
33,1177
12,1178
19,1179
30,1180
30,1181
1,1182
23,1183
17,1184
8,1185
5,1186
17,1187
3,1188
28,1189
24,1190
18,1191
32,1192
26,1193
23,1194
7,1195
12,1196
28,1197
31,1198
18,1199
2,1200
30,1201
23,1202
15,1203
23,1204
7,1205
13,1206
33,1207
16,1208
17,1209
24,1210
27,1211
11,1212
14,1213
15,1214
20,1215
21,1216
28,1217
22,1218
7,1219
22,1220
10,1221
10,1222
14,1223
4,1224
20,1225
32,1226
26,1227
3,1228
22,1229
28,1230
29,1231
27,1232
24,1233
28,1234
6,1235
11,1236
18,1237
14,1238
15,1239
20,1240
17,1241
7,1242
20,1243
25,1244
32,1245
25,1246
14,1247
33,1248
10,1249
24,1250
11,1251
7,1252
19,1253
15,1254
31,1255
14,1256
22,1257
11,1258
4,1259
15,1260
6,1261
6,1262
26,1263
33,1264
27,1265
29,1266
17,1267
17,1268
29,1269
28,1270
29,1271
13,1272
9,1273
1,1274
30,1275
5,1276
6,1277
7,1278
26,1279
17,1280
17,1281
8,1282
10,1283
26,1284
32,1285
6,1286
33,1287
30,1288
4,1289
8,1290
22,1291
15,1292
30,1293
18,1294
2,1295
23,1296
18,1297
5,1298
5,1299
20,1300
21,1301
8,1302
8,1303
31,1304
19,1305
11,1306
25,1307
6,1308
20,1309
9,1310
10,1311
29,1312
20,1313
2,1314
19,1315
23,1316
6,1317
11,1318
11,1319
22,1320
33,1321
14,1322
30,1323
2,1324
8,1325
4,1326
16,1327
23,1328
29,1329
18,1330
15,1331
6,1332
8,1333
3,1334
2,1335
20,1336
12,1337
17,1338
26,1339
3,1340
8,1341
10,1342
23,1343
17,1344
30,1345
12,1346
26,1347
15,1348
7,1349
22,1350
4,1351
33,1352
5,1353
1,1354
28,1355
28,1356
29,1357
4,1358
18,1359
9,1360
23,1361
29,1362
2,1363
14,1364
21,1365
18,1366
3,1367
25,1368
18,1369
10,1370
11,1371
15,1372
24,1373
33,1374
18,1375
33,1376
32,1377
26,1378
6,1379
27,1380
19,1381
19,1382
5,1383
12,1384
6,1385
10,1386
16,1387
19,1388
25,1389
3,1390
23,1391
14,1392
32,1393
3,1394
26,1395
10,1396
30,1397
10,1398
15,1399
22,1400
9,1401
26,1402
18,1403
14,1404
25,1405
6,1406
8,1407
16,1408
31,1409
4,1410
21,1411
31,1412
7,1413
28,1414
11,1415
33,1416
18,1417
32,1418
24,1419
20,1420
33,1421
32,1422
3,1423
4,1424
28,1425
17,1426
27,1427
8,1428
18,1429
25,1430
18,1431
33,1432
16,1433
33,1434
23,1435
26,1436
3,1437
8,1438
28,1439
28,1440
33,1441
22,1442
27,1443
30,1444
29,1445
22,1446
15,1447
9,1448
20,1449
29,1450
22,1451
14,1452
14,1453
3,1454
15,1455
26,1456
5,1457
14,1458
9,1459
25,1460
2,1461
16,1462
26,1463
8,1464
24,1465
29,1466
19,1467
9,1468
13,1469
26,1470
13,1471
29,1472
1,1473
14,1474
29,1475
6,1476
30,1477
5,1478
28,1479
21,1480
2,1481
30,1482
19,1483
26,1484
8,1485
10,1486
3,1487
17,1488
27,1489
22,1490
20,1491
21,1492
25,1493
21,1494
28,1495
25,1496
15,1497
25,1498
14,1499
26,1500
13,1501
8,1502
14,1503
10,1504
9,1505
12,1506
14,1507
4,1508
19,1509
12,1510
7,1511
4,1512
15,1513
32,1514
12,1515
2,1516
20,1517
29,1518
14,1519
32,1520
3,1521
6,1522
12,1523
15,1524
13,1525
22,1526
29,1527
14,1528
32,1529
31,1530
23,1531
1,1532
6,1533
12,1534
9,1535
9,1536
10,1537
2,1538
5,1539
15,1540
14,1541
29,1542
1,1543
19,1544
21,1545
31,1546
18,1547
1,1548
21,1549
4,1550
31,1551
19,1552
6,1553
6,1554
15,1555
10,1556
9,1557
13,1558
27,1559
28,1560
20,1561
16,1562
10,1563
28,1564
15,1565
6,1566
16,1567
1,1568
2,1569
14,1570
16,1571
13,1572
16,1573
28,1574
30,1575
13,1576
26,1577
5,1578
20,1579
4,1580
19,1581
32,1582
27,1583
5,1584
19,1585
24,1586
27,1587
6,1588
21,1589
7,1590
33,1591
8,1592
5,1593
1,1594
26,1595
19,1596
10,1597
12,1598
11,1599
16,1600
5,1601
32,1602
33,1603
22,1604
14,1605
10,1606
3,1607
5,1608
3,1609
5,1610
1,1611
31,1612
11,1613
15,1614
10,1615
10,1616
32,1617
20,1618
29,1619
16,1620
3,1621
6,1622
20,1623
18,1624
8,1625
1,1626
33,1627
14,1628
20,1629
18,1630
17,1631
10,1632
22,1633
16,1634
32,1635
19,1636
9,1637
18,1638
20,1639
6,1640
32,1641
33,1642
22,1643
17,1644
31,1645
32,1646
3,1647
10,1648
14,1649
9,1650
33,1651
13,1652
6,1653
4,1654
5,1655
24,1656
29,1657
5,1658
6,1659
1,1660
19,1661
16,1662
29,1663
12,1664
16,1665
20,1666
6,1667
2,1668
10,1669
20,1670
10,1671
23,1672
3,1673
21,1674
25,1675
14,1676
7,1677
4,1678
25,1679
11,1680
28,1681
19,1682
19,1683
5,1684
30,1685
30,1686
28,1687
27,1688
6,1689
31,1690
28,1691
29,1692
12,1693
27,1694
9,1695
2,1696
20,1697
11,1698
32,1699
24,1700
6,1701
4,1702
6,1703
20,1704
5,1705
4,1706
2,1707
10,1708
23,1709
12,1710
14,1711
4,1712
25,1713
23,1714
7,1715
8,1716
31,1717
27,1718
11,1719
21,1720
8,1721
21,1722
10,1723
33,1724
33,1725
2,1726
3,1727
20,1728
27,1729
2,1730
24,1731
18,1732
27,1733
2,1734
24,1735
3,1736
33,1737
20,1738
22,1739
6,1740
31,1741
1,1742
17,1743
9,1744
4,1745
19,1746
31,1747
14,1748
2,1749
29,1750
29,1751
22,1752
9,1753
25,1754
15,1755
11,1756
11,1757
17,1758
19,1759
8,1760
15,1761
15,1762
13,1763
21,1764
4,1765
12,1766
5,1767
4,1768
14,1769
31,1770
31,1771
1,1772
2,1773
10,1774
16,1775
14,1776
21,1777
9,1778
13,1779
22,1780
2,1781
28,1782
12,1783
30,1784
20,1785
6,1786
24,1787
31,1788
4,1789
33,1790
13,1791
11,1792
33,1793
26,1794
3,1795
17,1796
7,1797
25,1798
7,1799
20,1800
15,1801
22,1802
18,1803
15,1804
20,1805
8,1806
33,1807
10,1808
20,1809
23,1810
21,1811
29,1812
19,1813
27,1814
19,1815
15,1816
13,1817
15,1818
4,1819
18,1820
2,1821
14,1822
3,1823
22,1824
6,1825
33,1826
8,1827
24,1828
33,1829
23,1830
16,1831
22,1832
1,1833
28,1834
9,1835
10,1836
24,1837
3,1838
18,1839
5,1840
17,1841
16,1842
29,1843
13,1844
16,1845
14,1846
5,1847
12,1848
14,1849
25,1850
23,1851
22,1852
26,1853
22,1854
4,1855
11,1856
9,1857
1,1858
2,1859
24,1860
13,1861
20,1862
32,1863
10,1864
29,1865
24,1866
5,1867
14,1868
12,1869
18,1870
26,1871
21,1872
5,1873
13,1874
24,1875
7,1876
17,1877
28,1878
8,1879
11,1880
3,1881
8,1882
17,1883
3,1884
30,1885
33,1886
15,1887
18,1888
2,1889
1,1890
29,1891
29,1892
5,1893
27,1894
4,1895
7,1896
2,1897
15,1898
8,1899
29,1900
16,1901
20,1902
28,1903
13,1904
12,1905
7,1906
24,1907
24,1908
15,1909
16,1910
30,1911
21,1912
13,1913
7,1914
32,1915
21,1916
9,1917
25,1918
7,1919
12,1920
11,1921
17,1922
2,1923
4,1924
3,1925
9,1926
21,1927
13,1928
32,1929
22,1930
6,1931
15,1932
22,1933
3,1934
3,1935
12,1936
10,1937
31,1938
18,1939
1,1940
32,1941
24,1942
32,1943
17,1944
9,1945
15,1946
23,1947
6,1948
3,1949
11,1950
28,1951
20,1952
12,1953
8,1954
20,1955
9,1956
33,1957
20,1958
5,1959
25,1960
15,1961
18,1962
19,1963
32,1964
30,1965
12,1966
32,1967
27,1968
13,1969
10,1970
1,1971
23,1972
24,1973
6,1974
24,1975
30,1976
1,1977
17,1978
23,1979
13,1980
15,1981
1,1982
19,1983
15,1984
17,1985
18,1986
8,1987
24,1988
33,1989
10,1990
25,1991
31,1992
19,1993
19,1994
15,1995
16,1996
32,1997
14,1998
8,1999
17,2000
1,2001
10,2002
2,2003
15,2004
2,2005
4,2006
7,2007
1,2008
15,2009
6,2010
5,2011
8,2012
20,2013
1,2014
32,2015
23,2016
24,2017
30,2018
28,2019
11,2020
5,2021
27,2022
14,2023
17,2024
33,2025
20,2026
19,2027
15,2028
4,2029
22,2030
14,2031
20,2032
17,2033
31,2034
22,2035
23,2036
2,2037
33,2038
10,2039
15,2040
10,2041
7,2042
26,2043
6,2044
15,2045
30,2046
6,2047
21,2048
33,2049
2,2050
32,2051
15,2052
10,2053
32,2054
8,2055
20,2056
25,2057
15,2058
23,2059
22,2060
19,2061
10,2062
20,2063
28,2064
27,2065
14,2066
29,2067
12,2068
4,2069
14,2070
11,2071
13,2072
15,2073
10,2074
9,2075
31,2076
4,2077
20,2078
17,2079
16,2080
9,2081
31,2082
19,2083
2,2084
11,2085
25,2086
23,2087
22,2088
21,2089
12,2090
17,2091
24,2092
4,2093
11,2094
16,2095
16,2096
8,2097
2,2098
33,2099
7,2100
33,2101
23,2102
18,2103
2,2104
21,2105
6,2106
17,2107
16,2108
12,2109
31,2110
15,2111
32,2112
18,2113
3,2114
17,2115
18,2116
32,2117
6,2118
5,2119
13,2120
10,2121
19,2122
3,2123
27,2124
10,2125
5,2126
19,2127
27,2128
7,2129
15,2130
14,2131
23,2132
17,2133
29,2134
13,2135
16,2136
31,2137
4,2138
11,2139
21,2140
21,2141
23,2142
26,2143
13,2144
19,2145
8,2146
17,2147
8,2148
23,2149
30,2150
30,2151
8,2152
4,2153
29,2154
17,2155
9,2156
10,2157
13,2158
28,2159
27,2160
24,2161
9,2162
24,2163
7,2164
17,2165
7,2166
1,2167
33,2168
12,2169
29,2170
18,2171
21,2172
29,2173
18,2174
24,2175
27,2176
23,2177
10,2178
24,2179
2,2180
32,2181
28,2182
13,2183
15,2184
31,2185
15,2186
27,2187
19,2188
13,2189
24,2190
15,2191
32,2192
8,2193
12,2194
7,2195
19,2196
26,2197
16,2198
4,2199
32,2200
4,2201
4,2202
22,2203
14,2204
2,2205
17,2206
11,2207
26,2208
14,2209
10,2210
16,2211
5,2212
4,2213
12,2214
26,2215
23,2216
21,2217
32,2218
19,2219
31,2220
17,2221
19,2222
13,2223
26,2224
26,2225
32,2226
15,2227
21,2228
10,2229
7,2230
26,2231
2,2232
16,2233
20,2234
3,2235
11,2236
33,2237
30,2238
18,2239
1,2240
14,2241
14,2242
18,2243
26,2244
18,2245
31,2246
13,2247
24,2248
15,2249
22,2250
25,2251
11,2252
7,2253
21,2254
19,2255
10,2256
27,2257
9,2258
27,2259
30,2260
6,2261
11,2262
27,2263
31,2264
4,2265
6,2266
14,2267
28,2268
5,2269
6,2270
27,2271
25,2272
29,2273
15,2274
12,2275
10,2276
8,2277
30,2278
29,2279
23,2280
18,2281
5,2282
20,2283
17,2284
32,2285
31,2286
12,2287
2,2288
18,2289
22,2290
15,2291
15,2292
29,2293
25,2294
30,2295
7,2296
28,2297
9,2298
30,2299
26,2300
10,2301
18,2302
16,2303
27,2304
4,2305
26,2306
15,2307
3,2308
3,2309
30,2310
12,2311
14,2312
14,2313
5,2314
31,2315
33,2316
32,2317
14,2318
24,2319
27,2320
15,2321
12,2322
5,2323
7,2324
33,2325
30,2326
7,2327
25,2328
10,2329
25,2330
31,2331
29,2332
15,2333
22,2334
8,2335
4,2336
23,2337
30,2338
14,2339
20,2340
20,2341
27,2342
22,2343
1,2344
3,2345
19,2346
29,2347
17,2348
30,2349
11,2350
15,2351
26,2352
7,2353
25,2354
27,2355
10,2356
3,2357
29,2358
9,2359
26,2360
25,2361
15,2362
28,2363
32,2364
29,2365
28,2366
15,2367
25,2368
25,2369
15,2370
24,2371
9,2372
31,2373
16,2374
26,2375
1,2376
2,2377
29,2378
24,2379
24,2380
1,2381
17,2382
1,2383
18,2384
8,2385
13,2386
33,2387
15,2388
33,2389
4,2390
7,2391
5,2392
30,2393
21,2394
10,2395
9,2396
1,2397
31,2398
1,2399
32,2400
31,2401
33,2402
26,2403
8,2404
12,2405
24,2406
27,2407
5,2408
27,2409
28,2410
17,2411
3,2412
11,2413
1,2414
9,2415
2,2416
10,2417
11,2418
12,2419
20,2420
19,2421
25,2422
28,2423
6,2424
27,2425
21,2426
6,2427
31,2428
24,2429
28,2430
26,2431
27,2432
12,2433
26,2434
23,2435
32,2436
4,2437
20,2438
14,2439
13,2440
13,2441
12,2442
13,2443
17,2444
2,2445
8,2446
12,2447
26,2448
5,2449
30,2450
26,2451
17,2452
24,2453
29,2454
29,2455
19,2456
11,2457
29,2458
14,2459
21,2460
17,2461
4,2462
30,2463
2,2464
21,2465
20,2466
30,2467
10,2468
4,2469
9,2470
28,2471
18,2472
25,2473
21,2474
10,2475
27,2476
30,2477
17,2478
31,2479
8,2480
33,2481
5,2482
28,2483
27,2484
3,2485
32,2486
15,2487
8,2488
3,2489
2,2490
6,2491
29,2492
31,2493
31,2494
26,2495
25,2496
3,2497
4,2498
12,2499
11,2500
1,2501
2,2502
16,2503
28,2504
20,2505
9,2506
14,2507
33,2508
11,2509
9,2510
16,2511
22,2512
21,2513
12,2514
10,2515
2,2516
20,2517
7,2518
11,2519
17,2520
22,2521
26,2522
12,2523
7,2524
10,2525
2,2526
11,2527
24,2528
17,2529
2,2530
17,2531
7,2532
6,2533
13,2534
26,2535
22,2536
17,2537
23,2538
11,2539
22,2540
21,2541
7,2542
29,2543
25,2544
21,2545
27,2546
15,2547
27,2548
20,2549
21,2550
2,2551
12,2552
27,2553
10,2554
33,2555
31,2556
24,2557
32,2558
10,2559
4,2560
13,2561
7,2562
19,2563
13,2564
1,2565
26,2566
7,2567
20,2568
16,2569
12,2570
33,2571
33,2572
24,2573
19,2574
29,2575
3,2576
2,2577
27,2578
8,2579
9,2580
15,2581
31,2582
5,2583
4,2584
17,2585
20,2586
4,2587
32,2588
7,2589
7,2590
15,2591
28,2592
17,2593
28,2594
4,2595
25,2596
30,2597
33,2598
21,2599
2,2600
13,2601
7,2602
10,2603
30,2604
31,2605
3,2606
22,2607
13,2608
32,2609
22,2610
5,2611
33,2612
22,2613
14,2614
17,2615
12,2616
29,2617
4,2618
15,2619
30,2620
32,2621
13,2622
15,2623
33,2624
1,2625
2,2626
17,2627
6,2628
17,2629
13,2630
11,2631
27,2632
20,2633
20,2634
8,2635
1,2636
17,2637
9,2638
14,2639
10,2640
1,2641
3,2642
25,2643
24,2644
25,2645
12,2646
13,2647
15,2648
17,2649
32,2650
5,2651
15,2652
20,2653
11,2654
6,2655
5,2656
19,2657
29,2658
19,2659
26,2660
30,2661
21,2662
32,2663
15,2664
11,2665
21,2666
6,2667
17,2668
7,2669
22,2670
27,2671
5,2672
30,2673
13,2674
6,2675
12,2676
18,2677
15,2678
10,2679
8,2680
30,2681
10,2682
17,2683
31,2684
26,2685
8,2686
30,2687
18,2688
4,2689
15,2690
21,2691
14,2692
3,2693
3,2694
22,2695
25,2696
18,2697
8,2698
29,2699
10,2700
32,2701
14,2702
18,2703
4,2704
26,2705
32,2706
22,2707
17,2708
8,2709
15,2710
12,2711
25,2712
13,2713
1,2714
7,2715
21,2716
4,2717
9,2718
9,2719
33,2720
13,2721
3,2722
10,2723
10,2724
5,2725
15,2726
14,2727
30,2728
2,2729
17,2730
21,2731
3,2732
14,2733
33,2734
27,2735
2,2736
32,2737
11,2738
20,2739
13,2740
3,2741
27,2742
9,2743
33,2744
30,2745
13,2746
18,2747
22,2748
8,2749
9,2750
24,2751
8,2752
29,2753
10,2754
22,2755
22,2756
25,2757
32,2758
16,2759
8,2760
25,2761
3,2762
10,2763
31,2764
33,2765
28,2766
13,2767
19,2768
29,2769
27,2770
24,2771
26,2772
7,2773
9,2774
4,2775
27,2776
23,2777
21,2778
11,2779
8,2780
7,2781
3,2782
22,2783
14,2784
6,2785
26,2786
8,2787
22,2788
25,2789
26,2790
31,2791
22,2792
29,2793
7,2794
14,2795
18,2796
5,2797
8,2798
9,2799
10,2800
5,2801
1,2802
18,2803
11,2804
14,2805
21,2806
12,2807
17,2808
29,2809
26,2810
21,2811
23,2812
19,2813
23,2814
3,2815
33,2816
21,2817
21,2818
17,2819
22,2820
33,2821
3,2822
25,2823
4,2824
20,2825
16,2826
31,2827
33,2828
19,2829
20,2830
18,2831
1,2832
26,2833
3,2834
10,2835
25,2836
3,2837
24,2838
20,2839
4,2840
23,2841
9,2842
7,2843
2,2844
12,2845
1,2846
32,2847
30,2848
32,2849
13,2850
4,2851
33,2852
6,2853
22,2854
15,2855
2,2856
11,2857
15,2858
14,2859
13,2860
25,2861
30,2862
29,2863
4,2864
23,2865
10,2866
32,2867
9,2868
23,2869
15,2870
20,2871
7,2872
10,2873
29,2874
7,2875
15,2876
10,2877
24,2878
15,2879
16,2880
9,2881
23,2882
33,2883
17,2884
2,2885
20,2886
6,2887
28,2888
12,2889
32,2890
18,2891
12,2892
9,2893
7,2894
9,2895
8,2896
6,2897
21,2898
20,2899
18,2900
20,2901
33,2902
23,2903
1,2904
10,2905
20,2906
27,2907
5,2908
2,2909
5,2910
25,2911
6,2912
1,2913
32,2914
7,2915
16,2916
31,2917
32,2918
32,2919
15,2920
1,2921
22,2922
7,2923
20,2924
26,2925
1,2926
29,2927
13,2928
32,2929
12,2930
4,2931
20,2932
3,2933
16,2934
12,2935
20,2936
1,2937
19,2938
20,2939
2,2940
7,2941
11,2942
5,2943
29,2944
22,2945
28,2946
14,2947
20,2948
13,2949
26,2950
5,2951
18,2952
22,2953
24,2954
3,2955
6,2956
11,2957
2,2958
17,2959
16,2960
6,2961
11,2962
28,2963
28,2964
28,2965
30,2966
29,2967
23,2968
25,2969
19,2970
26,2971
33,2972
13,2973
25,2974
16,2975
14,2976
10,2977
3,2978
19,2979
7,2980
27,2981
33,2982
23,2983
13,2984
6,2985
1,2986
31,2987
3,2988
5,2989
20,2990
25,2991
8,2992
33,2993
31,2994
4,2995
11,2996
31,2997
15,2998
9,2999
18,3000
25,3001
30,3002
15,3003
6,3004
20,3005
25,3006
18,3007
11,3008
22,3009
2,3010
33,3011
12,3012
16,3013
10,3014
17,3015
13,3016
27,3017
28,3018
20,3019
29,3020
32,3021
14,3022
10,3023
16,3024
32,3025
11,3026
17,3027
11,3028
11,3029
6,3030
16,3031
15,3032
9,3033
20,3034
1,3035
26,3036
5,3037
26,3038
19,3039
26,3040
2,3041
23,3042
26,3043
10,3044
29,3045
17,3046
24,3047
2,3048
24,3049
27,3050
23,3051
11,3052
25,3053
6,3054
28,3055
7,3056
13,3057
18,3058
15,3059
5,3060
10,3061
22,3062
4,3063
12,3064
21,3065
26,3066
11,3067
6,3068
29,3069
18,3070
31,3071
28,3072
4,3073
20,3074
20,3075
4,3076
20,3077
10,3078
18,3079
7,3080
19,3081
10,3082
27,3083
21,3084
25,3085
10,3086
28,3087
5,3088
26,3089
4,3090
17,3091
26,3092
20,3093
16,3094
2,3095
2,3096
29,3097
11,3098
20,3099
30,3100
26,3101
25,3102
1,3103
23,3104
14,3105
5,3106
14,3107
31,3108
14,3109
30,3110
19,3111
31,3112
25,3113
25,3114
15,3115
32,3116
31,3117
31,3118
12,3119
20,3120
12,3121
17,3122
11,3123
31,3124
33,3125
20,3126
5,3127
12,3128
32,3129
27,3130
7,3131
9,3132
33,3133
10,3134
28,3135
7,3136
11,3137
18,3138
30,3139
29,3140
19,3141
33,3142
5,3143
20,3144
3,3145
27,3146
8,3147
12,3148
30,3149
23,3150
26,3151
6,3152
1,3153
19,3154
3,3155
28,3156
31,3157
13,3158
10,3159
21,3160
26,3161
33,3162
18,3163
5,3164
2,3165
25,3166
11,3167
18,3168
30,3169
5,3170
25,3171
23,3172
26,3173
13,3174
27,3175
21,3176
5,3177
12,3178
2,3179
22,3180
17,3181
8,3182
23,3183
9,3184
33,3185
2,3186
31,3187
33,3188
27,3189
20,3190
30,3191
31,3192
1,3193
8,3194
27,3195
25,3196
9,3197
2,3198
10,3199
16,3200
13,3201
25,3202
9,3203
32,3204
2,3205
26,3206
24,3207
16,3208
5,3209
14,3210
31,3211
22,3212
25,3213
9,3214
13,3215
21,3216
19,3217
15,3218
24,3219
5,3220
11,3221
2,3222
20,3223
24,3224
27,3225
15,3226
23,3227
24,3228
9,3229
19,3230
4,3231
22,3232
3,3233
4,3234
18,3235
21,3236
6,3237
2,3238
26,3239
25,3240
27,3241
1,3242
24,3243
33,3244
3,3245
21,3246
11,3247
17,3248
14,3249
33,3250
6,3251
22,3252
33,3253
16,3254
11,3255
10,3256
24,3257
32,3258
4,3259
11,3260
8,3261
7,3262
27,3263
25,3264
26,3265
3,3266
11,3267
12,3268
6,3269
17,3270
33,3271
26,3272
23,3273
28,3274
7,3275
31,3276
8,3277
24,3278
17,3279
13,3280
25,3281
6,3282
5,3283
21,3284
16,3285
15,3286
15,3287
25,3288
25,3289
20,3290
19,3291
13,3292
19,3293
30,3294
19,3295
15,3296
4,3297
15,3298
19,3299
10,3300
28,3301
30,3302
18,3303
22,3304
26,3305
28,3306
5,3307
7,3308
22,3309
23,3310
26,3311
5,3312
27,3313
1,3314
25,3315
20,3316
4,3317
24,3318
29,3319
33,3320
32,3321
28,3322
27,3323
2,3324
5,3325
31,3326
11,3327
25,3328
7,3329
19,3330
31,3331
15,3332
2,3333
29,3334
19,3335
2,3336
10,3337
30,3338
32,3339
9,3340
32,3341
13,3342
1,3343
8,3344
28,3345
20,3346
26,3347
24,3348
10,3349
7,3350
31,3351
19,3352
24,3353
26,3354
21,3355
18,3356
13,3357
28,3358
19,3359
20,3360
15,3361
2,3362
26,3363
18,3364
7,3365
20,3366
24,3367
30,3368
23,3369
23,3370
30,3371
13,3372
5,3373
22,3374
28,3375
29,3376
31,3377
9,3378
6,3379
23,3380
28,3381
6,3382
13,3383
2,3384
9,3385
15,3386
11,3387
31,3388
26,3389
14,3390
6,3391
26,3392
19,3393
32,3394
14,3395
29,3396
26,3397
30,3398
25,3399
24,3400
27,3401
19,3402
32,3403
7,3404
6,3405
31,3406
23,3407
15,3408
18,3409
3,3410
28,3411
7,3412
29,3413
23,3414
8,3415
6,3416
32,3417
21,3418
27,3419
14,3420
19,3421
18,3422
4,3423
27,3424
4,3425
10,3426
8,3427
3,3428
7,3429
25,3430
12,3431
28,3432
27,3433
27,3434
31,3435
11,3436
30,3437
33,3438
16,3439
14,3440
12,3441
12,3442
25,3443
14,3444
32,3445
13,3446
5,3447
27,3448
12,3449
20,3450
13,3451
27,3452
33,3453
5,3454
9,3455
3,3456
3,3457
28,3458
31,3459
29,3460
11,3461
28,3462
30,3463
8,3464
24,3465
28,3466
6,3467
20,3468
30,3469
1,3470
5,3471
11,3472
14,3473
17,3474
23,3475
19,3476
6,3477
25,3478
18,3479
25,3480
2,3481
32,3482
7,3483
23,3484
3,3485
1,3486
28,3487
26,3488
23,3489
11,3490
22,3491
13,3492
4,3493
3,3494
17,3495
21,3496
24,3497
31,3498
33,3499
26,3500
22,3501
12,3502
10,3503
10,3504
9,3505
4,3506
2,3507
25,3508
23,3509
31,3510
29,3511
20,3512
8,3513
20,3514
18,3515
9,3516
4,3517
6,3518
33,3519
1,3520
14,3521
19,3522
10,3523
1,3524
25,3525
30,3526
12,3527
5,3528
32,3529
2,3530
18,3531
28,3532
27,3533
31,3534
2,3535
8,3536
32,3537
25,3538
10,3539
8,3540
6,3541
28,3542
31,3543
7,3544
10,3545
16,3546
3,3547
17,3548
25,3549
22,3550
33,3551
15,3552
26,3553
24,3554
1,3555
7,3556
27,3557
27,3558
23,3559
7,3560
15,3561
28,3562
27,3563
11,3564
11,3565
10,3566
3,3567
25,3568
5,3569
2,3570
9,3571
7,3572
16,3573
2,3574
24,3575
2,3576
25,3577
16,3578
17,3579
32,3580
13,3581
19,3582
5,3583
18,3584
26,3585
1,3586
10,3587
17,3588
29,3589
20,3590
1,3591
30,3592
20,3593
14,3594
20,3595
20,3596
19,3597
8,3598
30,3599
24,3600
25,3601
28,3602
25,3603
6,3604
26,3605
12,3606
6,3607
15,3608
11,3609
16,3610
12,3611
24,3612
1,3613
8,3614
31,3615
25,3616
6,3617
3,3618
13,3619
9,3620
7,3621
26,3622
22,3623
33,3624
1,3625
30,3626
10,3627
25,3628
31,3629
3,3630
22,3631
5,3632
8,3633
15,3634
14,3635
4,3636
2,3637
18,3638
22,3639
33,3640
6,3641
26,3642
31,3643
12,3644
6,3645
16,3646
1,3647
18,3648
9,3649
3,3650
6,3651
24,3652
4,3653
23,3654
11,3655
31,3656
15,3657
8,3658
6,3659
29,3660
26,3661
23,3662
27,3663
32,3664
12,3665
12,3666
18,3667
7,3668
11,3669
33,3670
25,3671
22,3672
2,3673
16,3674
20,3675
8,3676
4,3677
7,3678
23,3679
12,3680
11,3681
12,3682
17,3683
12,3684
18,3685
17,3686
17,3687
2,3688
26,3689
28,3690
6,3691
23,3692
12,3693
9,3694
9,3695
4,3696
32,3697
25,3698
18,3699
25,3700
5,3701
13,3702
11,3703
23,3704
22,3705
8,3706
19,3707
15,3708
12,3709
5,3710
8,3711
31,3712
11,3713
18,3714
23,3715
25,3716
4,3717
23,3718
5,3719
33,3720
12,3721
4,3722
3,3723
27,3724
8,3725
29,3726
33,3727
1,3728
32,3729
8,3730
13,3731
22,3732
15,3733
20,3734
29,3735
13,3736
10,3737
17,3738
10,3739
4,3740
23,3741
30,3742
4,3743
15,3744
28,3745
24,3746
24,3747
12,3748
21,3749
31,3750
2,3751
32,3752
12,3753
31,3754
11,3755
1,3756
17,3757
28,3758
5,3759
5,3760
29,3761
10,3762
6,3763
15,3764
31,3765
4,3766
12,3767
28,3768
5,3769
25,3770
32,3771
6,3772
25,3773
31,3774
12,3775
32,3776
4,3777
10,3778
10,3779
19,3780
6,3781
3,3782
11,3783
27,3784
11,3785
7,3786
2,3787
14,3788
1,3789
14,3790
12,3791
2,3792
6,3793
20,3794
15,3795
8,3796
16,3797
17,3798
5,3799
22,3800
16,3801
6,3802
5,3803
11,3804
15,3805
4,3806
31,3807
15,3808
6,3809
15,3810
30,3811
10,3812
31,3813
12,3814
29,3815
30,3816
5,3817
14,3818
3,3819
20,3820
10,3821
15,3822
33,3823
31,3824
26,3825
33,3826
2,3827
1,3828
1,3829
31,3830
30,3831
28,3832
19,3833
11,3834
30,3835
30,3836
3,3837
30,3838
24,3839
10,3840
24,3841
16,3842
5,3843
13,3844
21,3845
20,3846
5,3847
15,3848
8,3849
30,3850
17,3851
17,3852
22,3853
8,3854
23,3855
17,3856
18,3857
11,3858
15,3859
14,3860
17,3861
17,3862
3,3863
12,3864
24,3865
33,3866
24,3867
22,3868
5,3869
1,3870
10,3871
7,3872
29,3873
7,3874
1,3875
29,3876
18,3877
21,3878
16,3879
6,3880
22,3881
28,3882
19,3883
26,3884
1,3885
29,3886
9,3887
22,3888
17,3889
32,3890
32,3891
32,3892
22,3893
16,3894
33,3895
8,3896
29,3897
28,3898
15,3899
24,3900
13,3901
9,3902
18,3903
31,3904
6,3905
8,3906
1,3907
8,3908
28,3909
10,3910
8,3911
31,3912
17,3913
19,3914
27,3915
13,3916
6,3917
27,3918
6,3919
23,3920
5,3921
25,3922
19,3923
8,3924
2,3925
32,3926
4,3927
18,3928
18,3929
22,3930
8,3931
25,3932
19,3933
12,3934
16,3935
2,3936
25,3937
28,3938
5,3939
1,3940
8,3941
31,3942
18,3943
19,3944
11,3945
21,3946
11,3947
18,3948
27,3949
30,3950
8,3951
14,3952
4,3953
25,3954
19,3955
32,3956
13,3957
2,3958
31,3959
23,3960
13,3961
22,3962
14,3963
11,3964
18,3965
14,3966
22,3967
24,3968
8,3969
16,3970
13,3971
15,3972
5,3973
27,3974
24,3975
18,3976
13,3977
9,3978
16,3979
12,3980
18,3981
27,3982
15,3983
23,3984
23,3985
8,3986
27,3987
32,3988
13,3989
32,3990
31,3991
31,3992
11,3993
4,3994
20,3995
15,3996
32,3997
8,3998
33,3999
33,4000
18,4001
10,4002
30,4003
8,4004
25,4005
28,4006
21,4007
27,4008
19,4009
23,4010
24,4011
14,4012
11,4013
17,4014
2,4015
14,4016
18,4017
32,4018
28,4019
26,4020
20,4021
24,4022
18,4023
20,4024
1,4025
27,4026
26,4027
20,4028
10,4029
22,4030
14,4031
11,4032
33,4033
13,4034
26,4035
15,4036
1,4037
2,4038
5,4039
7,4040
32,4041
12,4042
8,4043
13,4044
13,4045
2,4046
11,4047
3,4048
2,4049
23,4050
28,4051
22,4052
29,4053
11,4054
13,4055
28,4056
8,4057
27,4058
4,4059
5,4060
28,4061
5,4062
7,4063
16,4064
28,4065
18,4066
4,4067
27,4068
22,4069
3,4070
24,4071
5,4072
33,4073
20,4074
3,4075
19,4076
32,4077
32,4078
16,4079
23,4080
3,4081
16,4082
8,4083
33,4084
20,4085
30,4086
19,4087
5,4088
25,4089
15,4090
12,4091
11,4092
21,4093
23,4094
27,4095
15,4096
15,4097
28,4098
27,4099
1,4100
12,4101
15,4102
22,4103
10,4104
6,4105
32,4106
9,4107
7,4108
8,4109
12,4110
5,4111
16,4112
2,4113
21,4114
5,4115
2,4116
10,4117
30,4118
6,4119
2,4120
23,4121
6,4122
17,4123
30,4124
27,4125
4,4126
22,4127
25,4128
9,4129
16,4130
14,4131
3,4132
17,4133
30,4134
29,4135
26,4136
33,4137
22,4138
18,4139
13,4140
17,4141
25,4142
18,4143
21,4144
33,4145
10,4146
21,4147
17,4148
26,4149
14,4150
31,4151
14,4152
16,4153
15,4154
1,4155
3,4156
15,4157
1,4158
18,4159
30,4160
7,4161
25,4162
26,4163
10,4164
16,4165
19,4166
12,4167
24,4168
16,4169
3,4170
8,4171
9,4172
6,4173
19,4174
1,4175
1,4176
7,4177
6,4178
9,4179
23,4180
9,4181
4,4182
32,4183
33,4184
7,4185
32,4186
19,4187
7,4188
20,4189
25,4190
23,4191
27,4192
27,4193
16,4194
29,4195
3,4196
32,4197
3,4198
17,4199
16,4200
31,4201
13,4202
30,4203
24,4204
6,4205
17,4206
16,4207
24,4208
16,4209
21,4210
23,4211
17,4212
28,4213
11,4214
9,4215
10,4216
20,4217
30,4218
26,4219
25,4220
3,4221
4,4222
32,4223
20,4224
1,4225
6,4226
10,4227
25,4228
7,4229
15,4230
24,4231
7,4232
24,4233
7,4234
20,4235
7,4236
24,4237
20,4238
4,4239
4,4240
20,4241
33,4242
26,4243
22,4244
28,4245
1,4246
17,4247
25,4248
24,4249
18,4250
18,4251
21,4252
25,4253
30,4254
30,4255
24,4256
24,4257
28,4258
5,4259
11,4260
16,4261
19,4262
2,4263
3,4264
6,4265
21,4266
9,4267
12,4268
2,4269
19,4270
2,4271
6,4272
23,4273
2,4274
31,4275
28,4276
11,4277
18,4278
11,4279
2,4280
7,4281
10,4282
7,4283
30,4284
9,4285
12,4286
3,4287
20,4288
15,4289
17,4290
12,4291
12,4292
2,4293
9,4294
20,4295
6,4296
24,4297
30,4298
30,4299
33,4300
31,4301
14,4302
19,4303
8,4304
16,4305
29,4306
10,4307
14,4308
3,4309
30,4310
15,4311
21,4312
32,4313
7,4314
14,4315
25,4316
5,4317
33,4318
29,4319
30,4320
17,4321
32,4322
33,4323
24,4324
14,4325
24,4326
11,4327
21,4328
21,4329
16,4330
21,4331
21,4332
22,4333
8,4334
21,4335
18,4336
7,4337
19,4338
16,4339
27,4340
4,4341
19,4342
16,4343
32,4344
9,4345
19,4346
16,4347
1,4348
33,4349
19,4350
26,4351
3,4352
28,4353
17,4354
8,4355
20,4356
20,4357
10,4358
24,4359
4,4360
25,4361
13,4362
16,4363
32,4364
22,4365
32,4366
4,4367
7,4368
21,4369
23,4370
2,4371
1,4372
28,4373
13,4374
22,4375
19,4376
22,4377
18,4378
23,4379
1,4380
21,4381
12,4382
25,4383
23,4384
16,4385
31,4386
3,4387
17,4388
31,4389
27,4390
33,4391
4,4392
23,4393
26,4394
16,4395
21,4396
4,4397
23,4398
7,4399
16,4400
18,4401
20,4402
2,4403
12,4404
30,4405
24,4406
24,4407
17,4408
32,4409
4,4410
8,4411
18,4412
12,4413
22,4414
2,4415
16,4416
13,4417
28,4418
16,4419
25,4420
15,4421
20,4422
3,4423
10,4424
7,4425
8,4426
2,4427
18,4428
23,4429
20,4430
3,4431
19,4432
25,4433
2,4434
26,4435
24,4436
13,4437
20,4438
14,4439
2,4440
28,4441
27,4442
28,4443
13,4444
20,4445
8,4446
27,4447
25,4448
4,4449
24,4450
21,4451
32,4452
29,4453
13,4454
3,4455
17,4456
23,4457
22,4458
19,4459
13,4460
27,4461
12,4462
15,4463
13,4464
6,4465
14,4466
5,4467
10,4468
5,4469
3,4470
8,4471
8,4472
3,4473
14,4474
32,4475
31,4476
13,4477
2,4478
3,4479
29,4480
32,4481
7,4482
26,4483
29,4484
1,4485
27,4486
25,4487
28,4488
33,4489
33,4490
20,4491
13,4492
13,4493
6,4494
28,4495
21,4496
3,4497
14,4498
15,4499
5,4500
12,4501
32,4502
9,4503
19,4504
3,4505
7,4506
18,4507
4,4508
24,4509
20,4510
13,4511
15,4512
18,4513
25,4514
17,4515
31,4516
16,4517
33,4518
19,4519
16,4520
21,4521
14,4522
32,4523
12,4524
24,4525
1,4526
6,4527
22,4528
15,4529
24,4530
19,4531
27,4532
10,4533
2,4534
3,4535
14,4536
12,4537
15,4538
3,4539
11,4540
1,4541
8,4542
9,4543
25,4544
26,4545
4,4546
8,4547
32,4548
15,4549
33,4550
23,4551
21,4552
24,4553
24,4554
23,4555
4,4556
23,4557
7,4558
6,4559
30,4560
25,4561
6,4562
20,4563
11,4564
25,4565
27,4566
9,4567
19,4568
20,4569
15,4570
27,4571
32,4572
31,4573
1,4574
17,4575
6,4576
6,4577
2,4578
33,4579
3,4580
4,4581
12,4582
26,4583
18,4584
7,4585
13,4586
21,4587
31,4588
17,4589
23,4590
26,4591
18,4592
9,4593
24,4594
10,4595
32,4596
22,4597
14,4598
6,4599
29,4600
32,4601
5,4602
1,4603
24,4604
15,4605
29,4606
12,4607
23,4608
27,4609
23,4610
25,4611
15,4612
14,4613
32,4614
13,4615
17,4616
13,4617
20,4618
5,4619
4,4620
2,4621
2,4622
2,4623
11,4624
17,4625
12,4626
2,4627
5,4628
9,4629
29,4630
30,4631
25,4632
2,4633
25,4634
26,4635
9,4636
24,4637
24,4638
31,4639
31,4640
19,4641
20,4642
8,4643
7,4644
9,4645
33,4646
20,4647
33,4648
19,4649
12,4650
6,4651
31,4652
12,4653
32,4654
17,4655
10,4656
5,4657
17,4658
4,4659
19,4660
31,4661
6,4662
13,4663
28,4664
31,4665
8,4666
28,4667
5,4668
27,4669
19,4670
33,4671
5,4672
10,4673
25,4674
16,4675
9,4676
29,4677
20,4678
6,4679
20,4680
23,4681
23,4682
1,4683
30,4684
16,4685
14,4686
13,4687
3,4688
31,4689
3,4690
15,4691
33,4692
11,4693
18,4694
11,4695
24,4696
10,4697
32,4698
4,4699
19,4700
29,4701
15,4702
18,4703
20,4704
20,4705
25,4706
14,4707
19,4708
25,4709
17,4710
31,4711
17,4712
28,4713
22,4714
8,4715
16,4716
7,4717
6,4718
1,4719
5,4720
24,4721
9,4722
11,4723
5,4724
6,4725
23,4726
23,4727
5,4728
11,4729
13,4730
28,4731
27,4732
25,4733
3,4734
33,4735
12,4736
15,4737
10,4738
16,4739
24,4740
7,4741
5,4742
16,4743
22,4744
11,4745
12,4746
21,4747
17,4748
19,4749
24,4750
29,4751
2,4752
14,4753
6,4754
31,4755
26,4756
7,4757
4,4758
6,4759
14,4760
11,4761
18,4762
31,4763
4,4764
31,4765
13,4766
4,4767
33,4768
7,4769
19,4770
6,4771
18,4772
12,4773
15,4774
29,4775
23,4776
29,4777
18,4778
22,4779
18,4780
24,4781
8,4782
29,4783
15,4784
13,4785
1,4786
5,4787
27,4788
22,4789
17,4790
33,4791
30,4792
26,4793
24,4794
29,4795
6,4796
24,4797
5,4798
27,4799
26,4800
23,4801
22,4802
6,4803
29,4804
10,4805
25,4806
17,4807
10,4808
5,4809
14,4810
28,4811
4,4812
8,4813
31,4814
6,4815
20,4816
31,4817
11,4818
12,4819
9,4820
19,4821
22,4822
13,4823
7,4824
26,4825
21,4826
6,4827
25,4828
19,4829
19,4830
7,4831
1,4832
22,4833
18,4834
1,4835
2,4836
21,4837
15,4838
1,4839
18,4840
11,4841
2,4842
30,4843
26,4844
7,4845
3,4846
30,4847
28,4848
22,4849
6,4850
15,4851
7,4852
7,4853
32,4854
2,4855
30,4856
5,4857
22,4858
29,4859
17,4860
8,4861
28,4862
32,4863
5,4864
28,4865
21,4866
28,4867
31,4868
4,4869
28,4870
28,4871
32,4872
22,4873
8,4874
28,4875
12,4876
2,4877
13,4878
24,4879
10,4880
24,4881
30,4882
20,4883
4,4884
5,4885
22,4886
19,4887
6,4888
24,4889
2,4890
26,4891
33,4892
22,4893
6,4894
7,4895
6,4896
6,4897
25,4898
32,4899
32,4900
13,4901
18,4902
33,4903
4,4904
21,4905
8,4906
17,4907
26,4908
27,4909
29,4910
24,4911
30,4912
7,4913
25,4914
21,4915
19,4916
2,4917
9,4918
13,4919
7,4920
13,4921
19,4922
12,4923
25,4924
13,4925
25,4926
23,4927
30,4928
7,4929
15,4930
23,4931
30,4932
2,4933
3,4934
7,4935
28,4936
19,4937
23,4938
5,4939
10,4940
11,4941
18,4942
4,4943
12,4944
15,4945
29,4946
13,4947
3,4948
13,4949
8,4950
19,4951
30,4952
26,4953
4,4954
18,4955
1,4956
26,4957
12,4958
28,4959
10,4960
11,4961
10,4962
23,4963
23,4964
13,4965
29,4966
28,4967
11,4968
8,4969
1,4970
24,4971
13,4972
12,4973
29,4974
9,4975
29,4976
9,4977
3,4978
28,4979
26,4980
30,4981
24,4982
18,4983
1,4984
24,4985
32,4986
14,4987
2,4988
16,4989
30,4990
21,4991
16,4992
31,4993
17,4994
24,4995
4,4996
33,4997
14,4998
1,4999
26,5000
9,5001
17,5002
8,5003
29,5004
4,5005
18,5006
27,5007
32,5008
10,5009
20,5010
9,5011
29,5012
6,5013
5,5014
28,5015
14,5016
29,5017
2,5018
3,5019
18,5020
29,5021
10,5022
1,5023
11,5024
11,5025
14,5026
29,5027
32,5028
1,5029
29,5030
31,5031
3,5032
5,5033
21,5034
11,5035
20,5036
12,5037
18,5038
19,5039
16,5040
6,5041
3,5042
9,5043
14,5044
10,5045
7,5046
2,5047
14,5048
26,5049
31,5050
17,5051
3,5052
3,5053
12,5054
22,5055
17,5056
10,5057
32,5058
2,5059
33,5060
14,5061
7,5062
33,5063
8,5064
4,5065
16,5066
18,5067
13,5068
2,5069
30,5070
7,5071
20,5072
14,5073
3,5074
22,5075
20,5076
23,5077
2,5078
9,5079
32,5080
23,5081
26,5082
24,5083
7,5084
32,5085
18,5086
33,5087
20,5088
27,5089
29,5090
17,5091
10,5092
11,5093
13,5094
11,5095
26,5096
17,5097
11,5098
22,5099
1,5100
20,5101
27,5102
18,5103
30,5104
6,5105
32,5106
19,5107
9,5108
25,5109
24,5110
20,5111
4,5112
27,5113
28,5114
6,5115
10,5116
18,5117
23,5118
2,5119
6,5120
5,5121
28,5122
3,5123
7,5124
11,5125
18,5126
8,5127
7,5128
7,5129
27,5130
4,5131
30,5132
26,5133
12,5134
7,5135
2,5136
26,5137
11,5138
27,5139
12,5140
6,5141
25,5142
18,5143
31,5144
12,5145
2,5146
11,5147
4,5148
25,5149
13,5150
5,5151
20,5152
5,5153
3,5154
9,5155
18,5156
17,5157
14,5158
12,5159
23,5160
20,5161
1,5162
23,5163
28,5164
25,5165
19,5166
10,5167
26,5168
8,5169
32,5170
12,5171
18,5172
30,5173
9,5174
32,5175
14,5176
5,5177
32,5178
3,5179
28,5180
4,5181
20,5182
18,5183
25,5184
10,5185
2,5186
14,5187
29,5188
19,5189
19,5190
23,5191
31,5192
5,5193
5,5194
28,5195
31,5196
13,5197
19,5198
10,5199
5,5200
17,5201
10,5202
6,5203
7,5204
18,5205
2,5206
30,5207
5,5208
15,5209
28,5210
25,5211
20,5212
9,5213
1,5214
32,5215
4,5216
13,5217
15,5218
19,5219
12,5220
30,5221
8,5222
15,5223
17,5224
10,5225
20,5226
32,5227
4,5228
27,5229
20,5230
9,5231
9,5232
9,5233
21,5234
29,5235
7,5236
27,5237
19,5238
4,5239
2,5240
18,5241
33,5242
24,5243
11,5244
17,5245
8,5246
18,5247
15,5248
18,5249
24,5250
28,5251
20,5252
27,5253
26,5254
14,5255
31,5256
6,5257
33,5258
3,5259
6,5260
9,5261
3,5262
25,5263
14,5264
16,5265
23,5266
32,5267
23,5268
31,5269
18,5270
30,5271
21,5272
26,5273
30,5274
23,5275
27,5276
18,5277
25,5278
28,5279
32,5280
25,5281
26,5282
29,5283
17,5284
6,5285
15,5286
20,5287
33,5288
7,5289
26,5290
18,5291
1,5292
14,5293
11,5294
20,5295
10,5296
11,5297
8,5298
28,5299
17,5300
23,5301
13,5302
9,5303
19,5304
19,5305
9,5306
8,5307
20,5308
26,5309
7,5310
1,5311
2,5312
19,5313
33,5314
13,5315
21,5316
3,5317
4,5318
22,5319
33,5320
7,5321
13,5322
28,5323
24,5324
5,5325
19,5326
26,5327
4,5328
21,5329
6,5330
15,5331
31,5332
27,5333
23,5334
14,5335
30,5336
3,5337
3,5338
21,5339
30,5340
14,5341
17,5342
6,5343
2,5344
4,5345
32,5346
23,5347
3,5348
22,5349
4,5350
14,5351
21,5352
18,5353
24,5354
8,5355
14,5356
28,5357
18,5358
3,5359
9,5360
20,5361
12,5362
10,5363
3,5364
22,5365
21,5366
1,5367
13,5368
7,5369
10,5370
7,5371
24,5372
22,5373
23,5374
24,5375
12,5376
18,5377
5,5378
29,5379
8,5380
28,5381
26,5382
22,5383
21,5384
14,5385
25,5386
3,5387
8,5388
6,5389
7,5390
31,5391
1,5392
14,5393
9,5394
3,5395
16,5396
10,5397
23,5398
13,5399
13,5400
26,5401
5,5402
19,5403
18,5404
8,5405
31,5406
10,5407
5,5408
27,5409
22,5410
5,5411
20,5412
8,5413
5,5414
7,5415
19,5416
27,5417
32,5418
12,5419
25,5420
8,5421
8,5422
32,5423
16,5424
31,5425
1,5426
12,5427
8,5428
24,5429
14,5430
17,5431
23,5432
3,5433
14,5434
24,5435
21,5436
26,5437
30,5438
15,5439
6,5440
13,5441
7,5442
10,5443
8,5444
13,5445
5,5446
12,5447
20,5448
13,5449
17,5450
25,5451
25,5452
25,5453
9,5454
8,5455
13,5456
25,5457
12,5458
6,5459
22,5460
15,5461
18,5462
17,5463
1,5464
25,5465
1,5466
5,5467
19,5468
27,5469
8,5470
9,5471
1,5472
22,5473
18,5474
19,5475
17,5476
29,5477
24,5478
15,5479
13,5480
28,5481
4,5482
2,5483
31,5484
19,5485
7,5486
13,5487
13,5488
24,5489
16,5490
14,5491
16,5492
28,5493
18,5494
5,5495
29,5496
23,5497
8,5498
33,5499
2,5500
1,5501
29,5502
23,5503
25,5504
24,5505
10,5506
22,5507
21,5508
17,5509
33,5510
16,5511
33,5512
28,5513
25,5514
6,5515
10,5516
13,5517
22,5518
32,5519
1,5520
22,5521
1,5522
31,5523
14,5524
3,5525
4,5526
31,5527
9,5528
17,5529
21,5530
25,5531
16,5532
25,5533
28,5534
26,5535
29,5536
13,5537
7,5538
14,5539
26,5540
12,5541
26,5542
16,5543
14,5544
30,5545
22,5546
20,5547
32,5548
2,5549
8,5550
6,5551
12,5552
6,5553
19,5554
13,5555
23,5556
13,5557
15,5558
17,5559
11,5560
29,5561
11,5562
33,5563
10,5564
33,5565
8,5566
23,5567
27,5568
24,5569
25,5570
1,5571
19,5572
4,5573
12,5574
30,5575
19,5576
20,5577
30,5578
30,5579
2,5580
25,5581
18,5582
6,5583
14,5584
16,5585
22,5586
32,5587
11,5588
10,5589
18,5590
19,5591
9,5592
15,5593
21,5594
3,5595
26,5596
20,5597
14,5598
16,5599
15,5600
25,5601
2,5602
26,5603
10,5604
28,5605
13,5606
10,5607
15,5608
8,5609
9,5610
19,5611
31,5612
33,5613
31,5614
18,5615
23,5616
17,5617
24,5618
27,5619
1,5620
13,5621
8,5622
27,5623
33,5624
25,5625
24,5626
12,5627
31,5628
20,5629
8,5630
12,5631
27,5632
19,5633
21,5634
19,5635
9,5636
30,5637
32,5638
8,5639
23,5640
6,5641
8,5642
17,5643
8,5644
15,5645
26,5646
20,5647
20,5648
29,5649
31,5650
11,5651
7,5652
8,5653
33,5654
19,5655
20,5656
3,5657
8,5658
17,5659
29,5660
1,5661
12,5662
13,5663
6,5664
25,5665
8,5666
31,5667
10,5668
23,5669
33,5670
9,5671
17,5672
17,5673
11,5674
29,5675
8,5676
33,5677
2,5678
17,5679
24,5680
21,5681
6,5682
12,5683
24,5684
8,5685
11,5686
7,5687
31,5688
20,5689
20,5690
29,5691
24,5692
28,5693
15,5694
26,5695
22,5696
8,5697
33,5698
14,5699
31,5700
2,5701
20,5702
30,5703
3,5704
11,5705
13,5706
30,5707
8,5708
11,5709
24,5710
2,5711
25,5712
33,5713
12,5714
8,5715
9,5716
1,5717
15,5718
24,5719
33,5720
8,5721
16,5722
29,5723
22,5724
6,5725
28,5726
12,5727
17,5728
24,5729
10,5730
17,5731
3,5732
24,5733
24,5734
33,5735
30,5736
12,5737
15,5738
24,5739
5,5740
33,5741
21,5742
23,5743
11,5744
11,5745
10,5746
29,5747
31,5748
3,5749
12,5750
24,5751
19,5752
23,5753
21,5754
21,5755
19,5756
9,5757
11,5758
3,5759
21,5760
19,5761
33,5762
29,5763
12,5764
8,5765
12,5766
33,5767
26,5768
29,5769
16,5770
16,5771
24,5772
16,5773
30,5774
2,5775
28,5776
14,5777
10,5778
14,5779
4,5780
1,5781
5,5782
29,5783
6,5784
23,5785
23,5786
31,5787
28,5788
13,5789
9,5790
24,5791
8,5792
26,5793
27,5794
9,5795
5,5796
23,5797
28,5798
31,5799
18,5800
25,5801
14,5802
32,5803
19,5804
32,5805
4,5806
16,5807
2,5808
14,5809
27,5810
26,5811
16,5812
28,5813
4,5814
9,5815
25,5816
33,5817
30,5818
8,5819
30,5820
22,5821
33,5822
17,5823
2,5824
22,5825
15,5826
5,5827
27,5828
22,5829
21,5830
12,5831
12,5832
33,5833
33,5834
31,5835
25,5836
8,5837
29,5838
11,5839
30,5840
18,5841
27,5842
4,5843
1,5844
16,5845
19,5846
6,5847
1,5848
24,5849
12,5850
29,5851
2,5852
16,5853
24,5854
6,5855
31,5856
6,5857
18,5858
29,5859
17,5860
22,5861
1,5862
2,5863
31,5864
4,5865
28,5866
18,5867
17,5868
4,5869
31,5870
5,5871
12,5872
21,5873
15,5874
19,5875
27,5876
7,5877
7,5878
21,5879
22,5880
22,5881
12,5882
17,5883
2,5884
9,5885
29,5886
12,5887
4,5888
8,5889
24,5890
5,5891
8,5892
15,5893
2,5894
33,5895
15,5896
23,5897
13,5898
8,5899
5,5900
28,5901
21,5902
8,5903
23,5904
9,5905
10,5906
14,5907
17,5908
21,5909
4,5910
28,5911
2,5912
31,5913
5,5914
14,5915
32,5916
25,5917
25,5918
30,5919
1,5920
4,5921
25,5922
1,5923
28,5924
4,5925
22,5926
4,5927
27,5928
19,5929
2,5930
23,5931
7,5932
6,5933
15,5934
12,5935
18,5936
2,5937
7,5938
19,5939
18,5940
3,5941
30,5942
2,5943
18,5944
13,5945
13,5946
21,5947
15,5948
7,5949
30,5950
13,5951
10,5952
19,5953
28,5954
7,5955
23,5956
23,5957
11,5958
10,5959
19,5960
6,5961
5,5962
16,5963
17,5964
6,5965
19,5966
7,5967
9,5968
27,5969
9,5970
25,5971
24,5972
15,5973
21,5974
12,5975
31,5976
16,5977
14,5978
27,5979
33,5980
21,5981
27,5982
2,5983
27,5984
18,5985
21,5986
26,5987
33,5988
18,5989
29,5990
4,5991
14,5992
6,5993
24,5994
32,5995
28,5996
22,5997
7,5998
12,5999
16,6000
17,6001
17,6002
17,6003
14,6004
1,6005
30,6006
20,6007
22,6008
30,6009
33,6010
17,6011
17,6012
4,6013
11,6014
15,6015
4,6016
31,6017
31,6018
8,6019
20,6020
25,6021
22,6022
3,6023
10,6024
28,6025
1,6026
5,6027
5,6028
33,6029
16,6030
29,6031
27,6032
5,6033
3,6034
33,6035
5,6036
7,6037
15,6038
31,6039
4,6040
8,6041
8,6042
3,6043
19,6044
30,6045
1,6046
33,6047
18,6048
18,6049
17,6050
17,6051
21,6052
15,6053
9,6054
23,6055
26,6056
31,6057
9,6058
6,6059
5,6060
22,6061
5,6062
6,6063
1,6064
18,6065
24,6066
9,6067
26,6068
23,6069
9,6070
5,6071
27,6072
22,6073
23,6074
6,6075
20,6076
28,6077
12,6078
1,6079
1,6080
1,6081
33,6082
31,6083
27,6084
20,6085
7,6086
20,6087
16,6088
30,6089
29,6090
11,6091
11,6092
12,6093
33,6094
24,6095
21,6096
28,6097
13,6098
6,6099
18,6100
15,6101
23,6102
19,6103
5,6104
3,6105
32,6106
13,6107
10,6108
30,6109
27,6110
5,6111
3,6112
16,6113
29,6114
31,6115
29,6116
16,6117
6,6118
7,6119
1,6120
11,6121
21,6122
13,6123
30,6124
21,6125
15,6126
14,6127
22,6128
21,6129
8,6130
23,6131
5,6132
19,6133
18,6134
3,6135
2,6136
32,6137
17,6138
28,6139
31,6140
9,6141
15,6142
30,6143
6,6144
7,6145
33,6146
10,6147
7,6148
4,6149
29,6150
25,6151
3,6152
21,6153
24,6154
21,6155
30,6156
3,6157
17,6158
10,6159
24,6160
15,6161
29,6162
30,6163
27,6164
27,6165
31,6166
16,6167
9,6168
24,6169
18,6170
26,6171
25,6172
2,6173
32,6174
1,6175
12,6176
31,6177
14,6178
32,6179
9,6180
14,6181
2,6182
24,6183
30,6184
8,6185
10,6186
8,6187
26,6188
28,6189
12,6190
25,6191
25,6192
12,6193
31,6194
15,6195
17,6196
11,6197
4,6198
17,6199
11,6200
26,6201
21,6202
19,6203
19,6204
26,6205
1,6206
26,6207
33,6208
22,6209
33,6210
16,6211
10,6212
5,6213
5,6214
15,6215
13,6216
3,6217
18,6218
20,6219
9,6220
7,6221
31,6222
21,6223
14,6224
20,6225
23,6226
27,6227
17,6228
23,6229
1,6230
19,6231
20,6232
27,6233
11,6234
17,6235
2,6236
20,6237
19,6238
7,6239
26,6240
14,6241
6,6242
28,6243
25,6244
19,6245
7,6246
32,6247
4,6248
4,6249
4,6250
15,6251
15,6252
29,6253
2,6254
17,6255
29,6256
18,6257
9,6258
8,6259
9,6260
3,6261
28,6262
26,6263
2,6264
24,6265
33,6266
2,6267
21,6268
27,6269
1,6270
9,6271
7,6272
32,6273
4,6274
33,6275
33,6276
33,6277
1,6278
29,6279
10,6280
18,6281
10,6282
4,6283
31,6284
22,6285
16,6286
2,6287
29,6288
30,6289
10,6290
10,6291
25,6292
28,6293
26,6294
29,6295
15,6296
18,6297
21,6298
28,6299
4,6300
6,6301
21,6302
3,6303
3,6304
24,6305
21,6306
18,6307
5,6308
19,6309
25,6310
23,6311
5,6312
28,6313
32,6314
11,6315
8,6316
10,6317
29,6318
5,6319
21,6320
10,6321
26,6322
6,6323
31,6324
8,6325
33,6326
27,6327
31,6328
4,6329
28,6330
33,6331
16,6332
31,6333
9,6334
2,6335
5,6336
28,6337
17,6338
21,6339
17,6340
30,6341
6,6342
16,6343
15,6344
9,6345
21,6346
6,6347
27,6348
14,6349
17,6350
6,6351
15,6352
2,6353
3,6354
20,6355
16,6356
25,6357
10,6358
24,6359
26,6360
8,6361
22,6362
16,6363
16,6364
1,6365
22,6366
6,6367
32,6368
25,6369
11,6370
19,6371
1,6372
18,6373
28,6374
25,6375
6,6376
2,6377
5,6378
3,6379
28,6380
5,6381
23,6382
33,6383
5,6384
25,6385
6,6386
13,6387
10,6388
28,6389
21,6390
13,6391
28,6392
25,6393
8,6394
20,6395
23,6396
2,6397
5,6398
5,6399
31,6400
24,6401
4,6402
15,6403
30,6404
20,6405
13,6406
25,6407
5,6408
12,6409
22,6410
5,6411
19,6412
11,6413
25,6414
7,6415
6,6416
9,6417
20,6418
5,6419
21,6420
11,6421
5,6422
10,6423
6,6424
16,6425
14,6426
30,6427
14,6428
2,6429
3,6430
25,6431
3,6432
16,6433
11,6434
33,6435
29,6436
23,6437
30,6438
15,6439
30,6440
30,6441
24,6442
28,6443
19,6444
7,6445
2,6446
20,6447
24,6448
9,6449
3,6450
31,6451
9,6452
22,6453
18,6454
1,6455
13,6456
32,6457
25,6458
17,6459
20,6460
6,6461
13,6462
16,6463
2,6464
33,6465
17,6466
21,6467
24,6468
10,6469
9,6470
24,6471
21,6472
19,6473
17,6474
9,6475
11,6476
33,6477
22,6478
5,6479
17,6480
6,6481
16,6482
26,6483
13,6484
10,6485
23,6486
21,6487
28,6488
7,6489
16,6490
14,6491
13,6492
14,6493
1,6494
23,6495
28,6496
7,6497
15,6498
7,6499
5,6500
8,6501
16,6502
32,6503
9,6504
14,6505
27,6506
31,6507
4,6508
33,6509
12,6510
8,6511
14,6512
24,6513
12,6514
10,6515
5,6516
8,6517
5,6518
7,6519
2,6520
14,6521
4,6522
33,6523
31,6524
14,6525
15,6526
14,6527
3,6528
5,6529
13,6530
6,6531
28,6532
2,6533
11,6534
2,6535
33,6536
10,6537
27,6538
33,6539
8,6540
8,6541
18,6542
16,6543
14,6544
21,6545
27,6546
12,6547
16,6548
24,6549
33,6550
1,6551
24,6552
29,6553
32,6554
28,6555
33,6556
3,6557
30,6558
27,6559
32,6560
4,6561
12,6562
18,6563
19,6564
27,6565
17,6566
18,6567
11,6568
13,6569
23,6570
25,6571
18,6572
33,6573
18,6574
2,6575
12,6576
31,6577
2,6578
10,6579
3,6580
32,6581
24,6582
17,6583
10,6584
10,6585
17,6586
3,6587
6,6588
20,6589
30,6590
25,6591
14,6592
26,6593
13,6594
7,6595
22,6596
26,6597
23,6598
33,6599
25,6600
27,6601
7,6602
18,6603
4,6604
16,6605
18,6606
17,6607
22,6608
18,6609
21,6610
16,6611
27,6612
30,6613
13,6614
12,6615
27,6616
13,6617
14,6618
17,6619
23,6620
29,6621
4,6622
33,6623
5,6624
5,6625
31,6626
23,6627
25,6628
27,6629
6,6630
19,6631
20,6632
28,6633
25,6634
24,6635
18,6636
4,6637
23,6638
31,6639
8,6640
4,6641
31,6642
3,6643
25,6644
8,6645
7,6646
17,6647
1,6648
12,6649
11,6650
14,6651
22,6652
27,6653
1,6654
25,6655
23,6656
22,6657
23,6658
12,6659
12,6660
24,6661
2,6662
20,6663
19,6664
14,6665
28,6666
2,6667
18,6668
33,6669
19,6670
26,6671
5,6672
7,6673
32,6674
19,6675
21,6676
29,6677
21,6678
29,6679
26,6680
9,6681
28,6682
14,6683
28,6684
1,6685
3,6686
33,6687
31,6688
15,6689
4,6690
15,6691
28,6692
23,6693
3,6694
30,6695
30,6696
18,6697
28,6698
29,6699
17,6700
14,6701
13,6702
20,6703
1,6704
30,6705
4,6706
21,6707
22,6708
22,6709
2,6710
8,6711
13,6712
14,6713
13,6714
19,6715
15,6716
6,6717
31,6718
9,6719
32,6720
19,6721
28,6722
15,6723
7,6724
33,6725
33,6726
23,6727
16,6728
17,6729
2,6730
10,6731
26,6732
8,6733
4,6734
8,6735
22,6736
21,6737
10,6738
25,6739
14,6740
11,6741
14,6742
6,6743
3,6744
29,6745
22,6746
31,6747
31,6748
33,6749
19,6750
27,6751
10,6752
3,6753
24,6754
19,6755
9,6756
2,6757
6,6758
6,6759
27,6760
26,6761
33,6762
12,6763
31,6764
11,6765
26,6766
15,6767
20,6768
3,6769
6,6770
33,6771
6,6772
19,6773
29,6774
29,6775
17,6776
7,6777
5,6778
33,6779
9,6780
30,6781
6,6782
23,6783
7,6784
13,6785
8,6786
18,6787
11,6788
9,6789
30,6790
27,6791
15,6792
18,6793
14,6794
17,6795
28,6796
15,6797
24,6798
29,6799
7,6800
26,6801
13,6802
21,6803
18,6804
31,6805
15,6806
30,6807
19,6808
22,6809
30,6810
8,6811
20,6812
29,6813
12,6814
29,6815
17,6816
30,6817
13,6818
8,6819
2,6820
29,6821
5,6822
9,6823
16,6824
13,6825
28,6826
29,6827
33,6828
7,6829
10,6830
7,6831
22,6832
23,6833
18,6834
11,6835
15,6836
29,6837
16,6838
29,6839
29,6840
2,6841
18,6842
7,6843
17,6844
22,6845
27,6846
6,6847
14,6848
26,6849
18,6850
13,6851
10,6852
16,6853
24,6854
3,6855
26,6856
16,6857
9,6858
33,6859
30,6860
29,6861
21,6862
22,6863
17,6864
33,6865
19,6866
3,6867
1,6868
19,6869
10,6870
5,6871
1,6872
32,6873
22,6874
30,6875
27,6876
1,6877
5,6878
26,6879
27,6880
25,6881
29,6882
14,6883
12,6884
32,6885
13,6886
25,6887
3,6888
32,6889
3,6890
32,6891
12,6892
2,6893
32,6894
33,6895
16,6896
16,6897
5,6898
1,6899
7,6900
13,6901
26,6902
9,6903
18,6904
1,6905
33,6906
13,6907
6,6908
22,6909
10,6910
25,6911
17,6912
26,6913
31,6914
19,6915
17,6916
21,6917
27,6918
13,6919
12,6920
10,6921
22,6922
2,6923
24,6924
20,6925
25,6926
30,6927
19,6928
33,6929
1,6930
24,6931
22,6932
17,6933
31,6934
19,6935
12,6936
1,6937
2,6938
9,6939
10,6940
15,6941
20,6942
15,6943
29,6944
7,6945
19,6946
12,6947
19,6948
13,6949
33,6950
33,6951
4,6952
8,6953
16,6954
30,6955
12,6956
18,6957
11,6958
19,6959
3,6960
26,6961
27,6962
21,6963
32,6964
15,6965
22,6966
15,6967
30,6968
21,6969
7,6970
12,6971
10,6972
1,6973
32,6974
9,6975
6,6976
21,6977
4,6978
22,6979
25,6980
1,6981
12,6982
12,6983
10,6984
18,6985
32,6986
3,6987
15,6988
11,6989
6,6990
16,6991
13,6992
30,6993
2,6994
4,6995
25,6996
20,6997
1,6998
27,6999
18,7000
10,7001
15,7002
24,7003
21,7004
24,7005
3,7006
29,7007
13,7008
12,7009
1,7010
3,7011
9,7012
9,7013
20,7014
18,7015
8,7016
15,7017
3,7018
25,7019
7,7020
1,7021
33,7022
24,7023
21,7024
32,7025
4,7026
18,7027
8,7028
13,7029
27,7030
17,7031
1,7032
25,7033
18,7034
7,7035
24,7036
7,7037
8,7038
33,7039
9,7040
12,7041
11,7042
19,7043
8,7044
15,7045
11,7046
24,7047
4,7048
5,7049
2,7050
9,7051
16,7052
12,7053
13,7054
11,7055
8,7056
14,7057
9,7058
21,7059
33,7060
8,7061
19,7062
12,7063
32,7064
15,7065
21,7066
3,7067
12,7068
9,7069
7,7070
18,7071
6,7072
26,7073
6,7074
4,7075
6,7076
22,7077
15,7078
10,7079
6,7080
1,7081
22,7082
31,7083
33,7084
20,7085
12,7086
6,7087
19,7088
16,7089
21,7090
8,7091
20,7092
8,7093
30,7094
6,7095
32,7096
27,7097
16,7098
2,7099
7,7100
7,7101
7,7102
23,7103
18,7104
14,7105
8,7106
28,7107
29,7108
4,7109
6,7110
19,7111
8,7112
1,7113
20,7114
9,7115
2,7116
27,7117
17,7118
23,7119
25,7120
10,7121
2,7122
2,7123
13,7124
12,7125
32,7126
13,7127
28,7128
24,7129
10,7130
14,7131
30,7132
9,7133
24,7134
9,7135
4,7136
21,7137
25,7138
23,7139
27,7140
30,7141
7,7142
28,7143
29,7144
5,7145
10,7146
30,7147
20,7148
18,7149
2,7150
7,7151
15,7152
2,7153
23,7154
29,7155
9,7156
21,7157
13,7158
16,7159
11,7160
20,7161
30,7162
3,7163
30,7164
13,7165
2,7166
26,7167
28,7168
33,7169
31,7170
28,7171
8,7172
12,7173
4,7174
9,7175
10,7176
23,7177
19,7178
3,7179
18,7180
1,7181
10,7182
26,7183
6,7184
28,7185
25,7186
17,7187
21,7188
4,7189
7,7190
21,7191
28,7192
9,7193
11,7194
22,7195
17,7196
8,7197
2,7198
27,7199
1,7200
19,7201
22,7202
12,7203
29,7204
5,7205
19,7206
31,7207
3,7208
22,7209
28,7210
20,7211
30,7212
7,7213
31,7214
10,7215
8,7216
11,7217
26,7218
33,7219
7,7220
21,7221
16,7222
15,7223
18,7224
23,7225
15,7226
13,7227
20,7228
14,7229
2,7230
9,7231
27,7232
30,7233
33,7234
33,7235
13,7236
14,7237
8,7238
4,7239
12,7240
4,7241
33,7242
22,7243
10,7244
3,7245
24,7246
26,7247
17,7248
22,7249
1,7250
13,7251
17,7252
17,7253
4,7254
22,7255
23,7256
28,7257
23,7258
24,7259
6,7260
31,7261
17,7262
16,7263
23,7264
3,7265
17,7266
19,7267
20,7268
9,7269
2,7270
24,7271
18,7272
21,7273
24,7274
18,7275
6,7276
12,7277
14,7278
5,7279
7,7280
29,7281
19,7282
19,7283
18,7284
9,7285
12,7286
33,7287
16,7288
10,7289
22,7290
33,7291
30,7292
19,7293
10,7294
29,7295
27,7296
15,7297
1,7298
18,7299
21,7300
22,7301
2,7302
20,7303
29,7304
25,7305
19,7306
5,7307
28,7308
13,7309
11,7310
33,7311
5,7312
1,7313
22,7314
11,7315
23,7316
7,7317
11,7318
7,7319
8,7320
33,7321
19,7322
25,7323
11,7324
16,7325
7,7326
6,7327
28,7328
25,7329
24,7330
24,7331
25,7332
15,7333
28,7334
15,7335
1,7336
4,7337
19,7338
13,7339
13,7340
21,7341
3,7342
6,7343
23,7344
26,7345
19,7346
1,7347
30,7348
24,7349
22,7350
26,7351
19,7352
6,7353
17,7354
25,7355
29,7356
14,7357
22,7358
10,7359
33,7360
13,7361
25,7362
10,7363
24,7364
31,7365
30,7366
17,7367
7,7368
26,7369
8,7370
28,7371
24,7372
27,7373
26,7374
21,7375
30,7376
26,7377
20,7378
1,7379
26,7380
14,7381
16,7382
25,7383
23,7384
22,7385
33,7386
26,7387
8,7388
29,7389
8,7390
6,7391
4,7392
28,7393
27,7394
30,7395
25,7396
15,7397
12,7398
18,7399
27,7400
10,7401
15,7402
20,7403
19,7404
13,7405
28,7406
12,7407
33,7408
21,7409
6,7410
23,7411
27,7412
12,7413
14,7414
32,7415
19,7416
29,7417
29,7418
19,7419
5,7420
32,7421
14,7422
15,7423
16,7424
27,7425
4,7426
8,7427
4,7428
31,7429
28,7430
31,7431
25,7432
3,7433
24,7434
14,7435
19,7436
22,7437
3,7438
14,7439
22,7440
7,7441
28,7442
24,7443
20,7444
4,7445
26,7446
7,7447
33,7448
20,7449
25,7450
20,7451
32,7452
25,7453
1,7454
24,7455
29,7456
26,7457
20,7458
28,7459
2,7460
14,7461
25,7462
13,7463
11,7464
19,7465
9,7466
28,7467
26,7468
12,7469
10,7470
32,7471
7,7472
10,7473
6,7474
30,7475
15,7476
27,7477
25,7478
22,7479
28,7480
27,7481
30,7482
15,7483
4,7484
25,7485
3,7486
32,7487
11,7488
32,7489
32,7490
11,7491
13,7492
27,7493
24,7494
29,7495
27,7496
5,7497
17,7498
30,7499
28,7500
27,7501
23,7502
31,7503
8,7504
27,7505
17,7506
2,7507
11,7508
11,7509
26,7510
8,7511
9,7512
13,7513
17,7514
17,7515
22,7516
29,7517
12,7518
18,7519
17,7520
6,7521
30,7522
28,7523
18,7524
12,7525
28,7526
7,7527
20,7528
5,7529
2,7530
22,7531
31,7532
33,7533
5,7534
16,7535
14,7536
2,7537
32,7538
1,7539
15,7540
16,7541
8,7542
23,7543
26,7544
27,7545
31,7546
1,7547
22,7548
13,7549
16,7550
3,7551
22,7552
6,7553
13,7554
25,7555
4,7556
26,7557
26,7558
12,7559
20,7560
24,7561
27,7562
6,7563
5,7564
3,7565
13,7566
1,7567
29,7568
23,7569
25,7570
14,7571
2,7572
17,7573
4,7574
19,7575
18,7576
7,7577
25,7578
5,7579
26,7580
26,7581
7,7582
13,7583
1,7584
26,7585
13,7586
21,7587
19,7588
23,7589
13,7590
27,7591
6,7592
1,7593
19,7594
33,7595
2,7596
33,7597
1,7598
21,7599
31,7600
17,7601
32,7602
24,7603
17,7604
4,7605
11,7606
20,7607
16,7608
33,7609
30,7610
5,7611
14,7612
10,7613
30,7614
15,7615
22,7616
19,7617
17,7618
18,7619
22,7620
2,7621
22,7622
29,7623
13,7624
4,7625
8,7626
21,7627
9,7628
26,7629
5,7630
18,7631
23,7632
29,7633
11,7634
19,7635
24,7636
26,7637
28,7638
15,7639
28,7640
14,7641
4,7642
23,7643
8,7644
9,7645
6,7646
27,7647
13,7648
29,7649
28,7650
15,7651
6,7652
30,7653
16,7654
13,7655
13,7656
23,7657
26,7658
16,7659
26,7660
22,7661
29,7662
3,7663
4,7664
8,7665
22,7666
3,7667
16,7668
18,7669
14,7670
8,7671
28,7672
10,7673
12,7674
13,7675
21,7676
26,7677
12,7678
8,7679
16,7680
17,7681
13,7682
16,7683
24,7684
29,7685
6,7686
12,7687
2,7688
21,7689
32,7690
20,7691
9,7692
5,7693
15,7694
28,7695
1,7696
25,7697
33,7698
12,7699
29,7700
9,7701
33,7702
29,7703
3,7704
10,7705
17,7706
24,7707
26,7708
20,7709
21,7710
15,7711
8,7712
4,7713
31,7714
26,7715
4,7716
31,7717
2,7718
1,7719
25,7720
3,7721
28,7722
30,7723
20,7724
17,7725
15,7726
21,7727
15,7728
18,7729
24,7730
32,7731
5,7732
27,7733
8,7734
24,7735
28,7736
14,7737
16,7738
25,7739
2,7740
27,7741
6,7742
2,7743
6,7744
16,7745
11,7746
14,7747
5,7748
12,7749
13,7750
2,7751
15,7752
26,7753
32,7754
11,7755
28,7756
33,7757
19,7758
29,7759
15,7760
3,7761
6,7762
27,7763
3,7764
13,7765
22,7766
2,7767
14,7768
18,7769
9,7770
3,7771
26,7772
10,7773
33,7774
22,7775
1,7776
18,7777
9,7778
19,7779
22,7780
7,7781
5,7782
28,7783
15,7784
11,7785
5,7786
5,7787
20,7788
16,7789
25,7790
32,7791
23,7792
29,7793
15,7794
13,7795
17,7796
25,7797
25,7798
31,7799
28,7800
26,7801
9,7802
14,7803
4,7804
2,7805
32,7806
14,7807
31,7808
1,7809
16,7810
33,7811
29,7812
32,7813
19,7814
28,7815
18,7816
15,7817
33,7818
22,7819
2,7820
11,7821
24,7822
29,7823
2,7824
19,7825
18,7826
22,7827
23,7828
17,7829
11,7830
16,7831
24,7832
33,7833
31,7834
17,7835
12,7836
7,7837
4,7838
18,7839
15,7840
3,7841
23,7842
19,7843
30,7844
17,7845
33,7846
33,7847
15,7848
1,7849
8,7850
28,7851
4,7852
2,7853
30,7854
24,7855
15,7856
15,7857
24,7858
25,7859
29,7860
28,7861
1,7862
2,7863
17,7864
12,7865
31,7866
3,7867
33,7868
16,7869
27,7870
22,7871
19,7872
20,7873
13,7874
14,7875
33,7876
1,7877
24,7878
14,7879
27,7880
15,7881
17,7882
29,7883
6,7884
25,7885
32,7886
33,7887
3,7888
17,7889
29,7890
4,7891
23,7892
20,7893
17,7894
23,7895
9,7896
11,7897
24,7898
33,7899
12,7900
17,7901
7,7902
19,7903
1,7904
29,7905
17,7906
21,7907
12,7908
7,7909
33,7910
13,7911
7,7912
3,7913
23,7914
31,7915
25,7916
26,7917
17,7918
25,7919
5,7920
18,7921
6,7922
25,7923
21,7924
32,7925
5,7926
17,7927
7,7928
32,7929
29,7930
20,7931
8,7932
2,7933
21,7934
26,7935
27,7936
13,7937
9,7938
27,7939
12,7940
18,7941
28,7942
14,7943
3,7944
12,7945
22,7946
32,7947
27,7948
22,7949
15,7950
22,7951
31,7952
25,7953
27,7954
26,7955
30,7956
14,7957
28,7958
2,7959
15,7960
10,7961
7,7962
8,7963
11,7964
18,7965
21,7966
28,7967
6,7968
23,7969
18,7970
31,7971
33,7972
20,7973
17,7974
7,7975
23,7976
5,7977
27,7978
33,7979
14,7980
11,7981
31,7982
27,7983
10,7984
4,7985
33,7986
10,7987
15,7988
32,7989
8,7990
2,7991
24,7992
27,7993
1,7994
11,7995
13,7996
15,7997
33,7998
2,7999
18,8000
29,8001
16,8002
10,8003
32,8004
12,8005
9,8006
18,8007
13,8008
32,8009
21,8010
7,8011
7,8012
28,8013
9,8014
23,8015
25,8016
29,8017
5,8018
33,8019
24,8020
5,8021
8,8022
18,8023
29,8024
29,8025
30,8026
8,8027
25,8028
13,8029
8,8030
21,8031
13,8032
4,8033
26,8034
10,8035
30,8036
33,8037
26,8038
8,8039
6,8040
5,8041
11,8042
15,8043
18,8044
18,8045
3,8046
9,8047
28,8048
3,8049
33,8050
15,8051
22,8052
30,8053
19,8054
14,8055
24,8056
20,8057
4,8058
33,8059
21,8060
19,8061
11,8062
1,8063
20,8064
24,8065
17,8066
12,8067
33,8068
32,8069
25,8070
30,8071
22,8072
28,8073
29,8074
21,8075
15,8076
27,8077
27,8078
5,8079
20,8080
22,8081
14,8082
9,8083
20,8084
6,8085
13,8086
13,8087
32,8088
14,8089
13,8090
12,8091
26,8092
20,8093
4,8094
7,8095
20,8096
20,8097
19,8098
4,8099
10,8100
2,8101
19,8102
9,8103
30,8104
15,8105
23,8106
7,8107
9,8108
6,8109
21,8110
31,8111
33,8112
28,8113
17,8114
18,8115
11,8116
28,8117
6,8118
11,8119
1,8120
21,8121
10,8122
33,8123
29,8124
2,8125
3,8126
8,8127
4,8128
25,8129
11,8130
19,8131
28,8132
24,8133
10,8134
5,8135
9,8136
10,8137
23,8138
26,8139
10,8140
17,8141
19,8142
15,8143
30,8144
27,8145
10,8146
10,8147
3,8148
28,8149
27,8150
23,8151
17,8152
24,8153
27,8154
27,8155
32,8156
4,8157
13,8158
29,8159
4,8160
29,8161
4,8162
5,8163
4,8164
24,8165
24,8166
31,8167
23,8168
15,8169
33,8170
9,8171
22,8172
29,8173
17,8174
14,8175
30,8176
6,8177
7,8178
31,8179
5,8180
23,8181
26,8182
7,8183
5,8184
31,8185
6,8186
33,8187
32,8188
22,8189
33,8190
6,8191
24,8192
8,8193
28,8194
9,8195
16,8196
14,8197
30,8198
18,8199
4,8200
33,8201
30,8202
5,8203
24,8204
31,8205
6,8206
23,8207
26,8208
12,8209
7,8210
1,8211
4,8212
2,8213
17,8214
32,8215
5,8216
19,8217
3,8218
28,8219
22,8220
28,8221
22,8222
3,8223
4,8224
13,8225
29,8226
1,8227
27,8228
5,8229
20,8230
28,8231
14,8232
6,8233
4,8234
10,8235
30,8236
19,8237
12,8238
14,8239
31,8240
33,8241
13,8242
29,8243
28,8244
9,8245
16,8246
8,8247
18,8248
31,8249
1,8250
6,8251
10,8252
26,8253
2,8254
24,8255
27,8256
11,8257
9,8258
26,8259
25,8260
11,8261
15,8262
25,8263
9,8264
4,8265
7,8266
15,8267
19,8268
10,8269
7,8270
17,8271
33,8272
32,8273
28,8274
15,8275
2,8276
10,8277
33,8278
26,8279
9,8280
33,8281
8,8282
6,8283
2,8284
13,8285
8,8286
26,8287
22,8288
13,8289
24,8290
5,8291
13,8292
23,8293
33,8294
12,8295
28,8296
16,8297
32,8298
19,8299
29,8300
10,8301
20,8302
22,8303
8,8304
32,8305
8,8306
14,8307
14,8308
8,8309
32,8310
10,8311
13,8312
9,8313
11,8314
15,8315
12,8316
30,8317
21,8318
20,8319
6,8320
14,8321
31,8322
4,8323
24,8324
21,8325
19,8326
19,8327
2,8328
22,8329
20,8330
32,8331
21,8332
23,8333
13,8334
12,8335
19,8336
8,8337
13,8338
27,8339
3,8340
31,8341
3,8342
11,8343
20,8344
8,8345
18,8346
7,8347
1,8348
31,8349
7,8350
31,8351
30,8352
33,8353
27,8354
32,8355
23,8356
14,8357
25,8358
1,8359
1,8360
18,8361
21,8362
20,8363
22,8364
32,8365
19,8366
9,8367
32,8368
24,8369
15,8370
30,8371
14,8372
30,8373
14,8374
11,8375
26,8376
23,8377
13,8378
29,8379
10,8380
17,8381
20,8382
18,8383
31,8384
8,8385
11,8386
11,8387
25,8388
21,8389
5,8390
19,8391
16,8392
27,8393
11,8394
3,8395
4,8396
7,8397
10,8398
23,8399
33,8400
24,8401
16,8402
20,8403
4,8404
9,8405
32,8406
2,8407
33,8408
23,8409
16,8410
33,8411
31,8412
2,8413
28,8414
17,8415
3,8416
5,8417
14,8418
32,8419
18,8420
26,8421
32,8422
9,8423
28,8424
15,8425
32,8426
25,8427
9,8428
17,8429
26,8430
5,8431
1,8432
22,8433
16,8434
8,8435
2,8436
19,8437
20,8438
32,8439
19,8440
2,8441
21,8442
3,8443
21,8444
7,8445
22,8446
18,8447
1,8448
27,8449
4,8450
16,8451
22,8452
27,8453
11,8454
30,8455
1,8456
25,8457
5,8458
2,8459
24,8460
3,8461
4,8462
7,8463
32,8464
7,8465
24,8466
16,8467
29,8468
10,8469
7,8470
30,8471
31,8472
17,8473
1,8474
20,8475
31,8476
29,8477
24,8478
14,8479
5,8480
8,8481
24,8482
19,8483
21,8484
5,8485
27,8486
20,8487
14,8488
16,8489
9,8490
16,8491
25,8492
30,8493
1,8494
3,8495
30,8496
17,8497
7,8498
27,8499
9,8500
32,8501
23,8502
32,8503
7,8504
30,8505
12,8506
13,8507
4,8508
29,8509
22,8510
23,8511
31,8512
27,8513
7,8514
25,8515
21,8516
17,8517
7,8518
13,8519
1,8520
3,8521
14,8522
11,8523
11,8524
2,8525
27,8526
19,8527
26,8528
12,8529
2,8530
27,8531
28,8532
32,8533
12,8534
33,8535
16,8536
27,8537
6,8538
20,8539
6,8540
2,8541
12,8542
33,8543
12,8544
26,8545
13,8546
33,8547
1,8548
12,8549
28,8550
20,8551
10,8552
4,8553
15,8554
5,8555
23,8556
7,8557
11,8558
11,8559
28,8560
21,8561
6,8562
29,8563
30,8564
12,8565
12,8566
23,8567
30,8568
13,8569
28,8570
15,8571
27,8572
7,8573
9,8574
15,8575
2,8576
21,8577
15,8578
10,8579
21,8580
9,8581
28,8582
4,8583
3,8584
5,8585
6,8586
7,8587
12,8588
16,8589
2,8590
31,8591
14,8592
4,8593
5,8594
10,8595
11,8596
6,8597
9,8598
17,8599
13,8600
27,8601
23,8602
9,8603
7,8604
4,8605
5,8606
3,8607
29,8608
18,8609
22,8610
12,8611
4,8612
23,8613
4,8614
3,8615
6,8616
5,8617
30,8618
8,8619
21,8620
33,8621
2,8622
33,8623
24,8624
8,8625
6,8626
5,8627
21,8628
2,8629
20,8630
7,8631
11,8632
11,8633
22,8634
4,8635
5,8636
8,8637
11,8638
33,8639
30,8640
22,8641
4,8642
12,8643
26,8644
30,8645
3,8646
13,8647
4,8648
32,8649
16,8650
1,8651
29,8652
7,8653
19,8654
16,8655
32,8656
7,8657
6,8658
3,8659
18,8660
24,8661
8,8662
20,8663
8,8664
17,8665
25,8666
33,8667
8,8668
32,8669
21,8670
27,8671
5,8672
3,8673
23,8674
15,8675
19,8676
16,8677
22,8678
5,8679
11,8680
30,8681
22,8682
15,8683
27,8684
12,8685
20,8686
31,8687
4,8688
23,8689
12,8690
15,8691
13,8692
20,8693
31,8694
22,8695
1,8696
5,8697
31,8698
13,8699
23,8700
27,8701
13,8702
25,8703
18,8704
3,8705
24,8706
22,8707
33,8708
5,8709
7,8710
24,8711
23,8712
29,8713
31,8714
6,8715
31,8716
2,8717
29,8718
29,8719
24,8720
31,8721
28,8722
28,8723
9,8724
30,8725
5,8726
4,8727
25,8728
7,8729
3,8730
19,8731
12,8732
3,8733
16,8734
2,8735
31,8736
14,8737
23,8738
15,8739
25,8740
10,8741
33,8742
5,8743
21,8744
30,8745
2,8746
1,8747
30,8748
25,8749
8,8750
28,8751
1,8752
4,8753
21,8754
16,8755
17,8756
30,8757
21,8758
21,8759
4,8760
29,8761
20,8762
7,8763
17,8764
20,8765
20,8766
16,8767
17,8768
18,8769
27,8770
11,8771
26,8772
26,8773
12,8774
27,8775
14,8776
23,8777
7,8778
7,8779
15,8780
15,8781
13,8782
18,8783
20,8784
6,8785
21,8786
22,8787
12,8788
11,8789
30,8790
30,8791
31,8792
30,8793
6,8794
13,8795
24,8796
27,8797
8,8798
26,8799
2,8800
4,8801
6,8802
14,8803
7,8804
8,8805
16,8806
32,8807
33,8808
29,8809
5,8810
31,8811
30,8812
11,8813
16,8814
4,8815
4,8816
29,8817
31,8818
10,8819
21,8820
20,8821
4,8822
4,8823
1,8824
27,8825
12,8826
22,8827
2,8828
18,8829
27,8830
25,8831
26,8832
1,8833
22,8834
1,8835
27,8836
2,8837
12,8838
24,8839
24,8840
11,8841
33,8842
30,8843
13,8844
30,8845
17,8846
2,8847
29,8848
1,8849
17,8850
8,8851
2,8852
12,8853
18,8854
8,8855
27,8856
7,8857
32,8858
29,8859
9,8860
13,8861
32,8862
29,8863
15,8864
3,8865
1,8866
22,8867
15,8868
13,8869
4,8870
8,8871
11,8872
22,8873
8,8874
28,8875
19,8876
29,8877
2,8878
17,8879
24,8880
21,8881
3,8882
11,8883
14,8884
6,8885
16,8886
29,8887
19,8888
18,8889
32,8890
8,8891
23,8892
25,8893
23,8894
4,8895
14,8896
31,8897
7,8898
21,8899
2,8900
1,8901
31,8902
17,8903
33,8904
15,8905
33,8906
10,8907
28,8908
10,8909
4,8910
6,8911
10,8912
3,8913
10,8914
7,8915
21,8916
10,8917
26,8918
12,8919
4,8920
31,8921
28,8922
31,8923
24,8924
32,8925
21,8926
30,8927
7,8928
33,8929
28,8930
29,8931
10,8932
24,8933
2,8934
2,8935
28,8936
30,8937
16,8938
28,8939
22,8940
33,8941
29,8942
17,8943
10,8944
14,8945
8,8946
23,8947
7,8948
8,8949
1,8950
6,8951
32,8952
33,8953
13,8954
6,8955
15,8956
22,8957
30,8958
5,8959
4,8960
13,8961
27,8962
28,8963
8,8964
31,8965
27,8966
24,8967
33,8968
33,8969
6,8970
33,8971
16,8972
30,8973
25,8974
2,8975
27,8976
5,8977
29,8978
5,8979
9,8980
23,8981
22,8982
4,8983
29,8984
23,8985
17,8986
13,8987
8,8988
31,8989
11,8990
27,8991
18,8992
4,8993
13,8994
18,8995
18,8996
20,8997
14,8998
18,8999
4,9000
12,9001
22,9002
21,9003
6,9004
4,9005
33,9006
30,9007
29,9008
7,9009
32,9010
21,9011
28,9012
25,9013
16,9014
21,9015
32,9016
1,9017
13,9018
33,9019
5,9020
28,9021
13,9022
11,9023
4,9024
1,9025
30,9026
14,9027
26,9028
22,9029
19,9030
15,9031
29,9032
1,9033
7,9034
8,9035
9,9036
26,9037
12,9038
30,9039
9,9040
9,9041
17,9042
29,9043
27,9044
6,9045
15,9046
20,9047
32,9048
31,9049
25,9050
3,9051
7,9052
15,9053
7,9054
2,9055
28,9056
9,9057
17,9058
24,9059
13,9060
6,9061
8,9062
21,9063
32,9064
7,9065
9,9066
25,9067
22,9068
9,9069
12,9070
30,9071
8,9072
1,9073
26,9074
17,9075
27,9076
28,9077
28,9078
23,9079
27,9080
24,9081
17,9082
3,9083
19,9084
12,9085
6,9086
4,9087
14,9088
29,9089
18,9090
29,9091
13,9092
28,9093
20,9094
24,9095
27,9096
32,9097
5,9098
11,9099
6,9100
11,9101
20,9102
29,9103
28,9104
20,9105
5,9106
21,9107
23,9108
31,9109
9,9110
8,9111
16,9112
5,9113
6,9114
16,9115
25,9116
16,9117
4,9118
11,9119
33,9120
11,9121
29,9122
28,9123
32,9124
12,9125
12,9126
2,9127
32,9128
6,9129
5,9130
14,9131
24,9132
2,9133
15,9134
13,9135
27,9136
27,9137
19,9138
19,9139
10,9140
32,9141
14,9142
28,9143
31,9144
31,9145
18,9146
19,9147
32,9148
13,9149
11,9150
19,9151
22,9152
29,9153
8,9154
22,9155
24,9156
18,9157
28,9158
17,9159
31,9160
11,9161
30,9162
26,9163
3,9164
17,9165
5,9166
12,9167
6,9168
31,9169
32,9170
8,9171
32,9172
6,9173
25,9174
19,9175
18,9176
20,9177
12,9178
13,9179
25,9180
14,9181
12,9182
18,9183
32,9184
3,9185
1,9186
20,9187
11,9188
24,9189
21,9190
18,9191
31,9192
8,9193
11,9194
4,9195
3,9196
29,9197
15,9198
6,9199
25,9200
3,9201
3,9202
25,9203
12,9204
18,9205
10,9206
16,9207
31,9208
29,9209
26,9210
31,9211
21,9212
13,9213
9,9214
15,9215
7,9216
31,9217
22,9218
4,9219
24,9220
33,9221
20,9222
8,9223
20,9224
33,9225
12,9226
18,9227
27,9228
19,9229
8,9230
5,9231
1,9232
15,9233
18,9234
26,9235
29,9236
3,9237
2,9238
28,9239
7,9240
28,9241
14,9242
17,9243
32,9244
16,9245
33,9246
5,9247
2,9248
26,9249
16,9250
32,9251
1,9252
29,9253
11,9254
5,9255
24,9256
3,9257
9,9258
9,9259
26,9260
5,9261
26,9262
16,9263
20,9264
3,9265
22,9266
19,9267
25,9268
19,9269
33,9270
21,9271
2,9272
8,9273
31,9274
23,9275
11,9276
20,9277
4,9278
1,9279
5,9280
30,9281
24,9282
24,9283
2,9284
19,9285
16,9286
21,9287
29,9288
8,9289
19,9290
6,9291
10,9292
31,9293
32,9294
2,9295
5,9296
24,9297
16,9298
13,9299
32,9300
9,9301
16,9302
11,9303
8,9304
10,9305
16,9306
33,9307
8,9308
6,9309
32,9310
18,9311
3,9312
4,9313
32,9314
17,9315
15,9316
10,9317
25,9318
11,9319
17,9320
14,9321
11,9322
15,9323
32,9324
25,9325
3,9326
14,9327
21,9328
25,9329
31,9330
9,9331
18,9332
18,9333
10,9334
19,9335
31,9336
12,9337
9,9338
11,9339
28,9340
19,9341
31,9342
10,9343
33,9344
16,9345
16,9346
15,9347
20,9348
16,9349
11,9350
25,9351
3,9352
14,9353
12,9354
9,9355
10,9356
29,9357
22,9358
25,9359
7,9360
32,9361
23,9362
14,9363
20,9364
18,9365
5,9366
30,9367
15,9368
2,9369
33,9370
6,9371
33,9372
6,9373
10,9374
19,9375
10,9376
18,9377
8,9378
11,9379
28,9380
15,9381
23,9382
32,9383
24,9384
11,9385
9,9386
33,9387
33,9388
15,9389
10,9390
2,9391
15,9392
32,9393
17,9394
3,9395
2,9396
12,9397
15,9398
27,9399
29,9400
29,9401
24,9402
6,9403
18,9404
23,9405
22,9406
18,9407
20,9408
19,9409
18,9410
20,9411
10,9412
30,9413
15,9414
32,9415
10,9416
28,9417
13,9418
11,9419
15,9420
14,9421
17,9422
14,9423
13,9424
32,9425
23,9426
24,9427
29,9428
15,9429
32,9430
22,9431
6,9432
15,9433
13,9434
5,9435
7,9436
25,9437
22,9438
14,9439
8,9440
10,9441
27,9442
17,9443
23,9444
25,9445
25,9446
29,9447
23,9448
29,9449
3,9450
23,9451
31,9452
7,9453
31,9454
6,9455
24,9456
6,9457
15,9458
15,9459
15,9460
15,9461
24,9462
26,9463
11,9464
24,9465
22,9466
2,9467
8,9468
14,9469
22,9470
20,9471
8,9472
4,9473
16,9474
17,9475
6,9476
5,9477
15,9478
29,9479
13,9480
9,9481
2,9482
9,9483
9,9484
3,9485
6,9486
30,9487
15,9488
12,9489
9,9490
28,9491
3,9492
26,9493
26,9494
27,9495
27,9496
15,9497
1,9498
31,9499
2,9500
27,9501
19,9502
27,9503
15,9504
33,9505
29,9506
21,9507
28,9508
7,9509
11,9510
22,9511
6,9512
6,9513
2,9514
9,9515
20,9516
14,9517
13,9518
21,9519
1,9520
16,9521
10,9522
29,9523
24,9524
13,9525
9,9526
25,9527
19,9528
33,9529
26,9530
13,9531
9,9532
4,9533
6,9534
16,9535
1,9536
26,9537
21,9538
13,9539
13,9540
11,9541
16,9542
26,9543
5,9544
7,9545
25,9546
25,9547
20,9548
8,9549
5,9550
22,9551
6,9552
25,9553
19,9554
17,9555
27,9556
22,9557
10,9558
13,9559
27,9560
24,9561
31,9562
10,9563
28,9564
2,9565
4,9566
1,9567
1,9568
19,9569
30,9570
1,9571
13,9572
12,9573
11,9574
27,9575
3,9576
1,9577
33,9578
20,9579
13,9580
6,9581
13,9582
18,9583
30,9584
16,9585
8,9586
2,9587
24,9588
14,9589
15,9590
7,9591
11,9592
1,9593
20,9594
18,9595
11,9596
33,9597
10,9598
16,9599
27,9600
8,9601
28,9602
3,9603
6,9604
2,9605
32,9606
10,9607
14,9608
11,9609
5,9610
9,9611
7,9612
3,9613
7,9614
24,9615
7,9616
1,9617
27,9618
4,9619
32,9620
33,9621
20,9622
31,9623
2,9624
19,9625
10,9626
3,9627
29,9628
30,9629
26,9630
28,9631
16,9632
7,9633
3,9634
4,9635
20,9636
22,9637
13,9638
5,9639
18,9640
9,9641
9,9642
14,9643
25,9644
21,9645
16,9646
11,9647
31,9648
6,9649
17,9650
31,9651
12,9652
23,9653
1,9654
31,9655
25,9656
10,9657
13,9658
15,9659
9,9660
30,9661
24,9662
3,9663
18,9664
20,9665
17,9666
33,9667
15,9668
6,9669
32,9670
19,9671
14,9672
27,9673
1,9674
5,9675
26,9676
6,9677
28,9678
33,9679
31,9680
25,9681
15,9682
2,9683
32,9684
13,9685
30,9686
11,9687
10,9688
21,9689
31,9690
24,9691
17,9692
16,9693
26,9694
14,9695
8,9696
29,9697
3,9698
7,9699
14,9700
33,9701
7,9702
1,9703
10,9704
21,9705
29,9706
9,9707
12,9708
14,9709
15,9710
22,9711
28,9712
9,9713
14,9714
18,9715
10,9716
9,9717
15,9718
19,9719
9,9720
10,9721
27,9722
20,9723
5,9724
2,9725
8,9726
17,9727
18,9728
10,9729
13,9730
1,9731
24,9732
25,9733
25,9734
22,9735
29,9736
29,9737
27,9738
1,9739
26,9740
7,9741
10,9742
23,9743
8,9744
32,9745
17,9746
16,9747
20,9748
12,9749
8,9750
2,9751
20,9752
16,9753
33,9754
13,9755
2,9756
16,9757
7,9758
28,9759
27,9760
17,9761
25,9762
28,9763
1,9764
10,9765
26,9766
31,9767
19,9768
23,9769
8,9770
7,9771
29,9772
28,9773
28,9774
8,9775
10,9776
18,9777
32,9778
25,9779
21,9780
30,9781
25,9782
28,9783
20,9784
28,9785
11,9786
28,9787
24,9788
3,9789
12,9790
11,9791
31,9792
30,9793
20,9794
27,9795
18,9796
12,9797
22,9798
19,9799
21,9800
30,9801
25,9802
16,9803
19,9804
19,9805
29,9806
11,9807
3,9808
4,9809
7,9810
13,9811
32,9812
25,9813
33,9814
16,9815
24,9816
11,9817
5,9818
16,9819
32,9820
9,9821
17,9822
12,9823
3,9824
19,9825
27,9826
24,9827
15,9828
21,9829
11,9830
5,9831
32,9832
4,9833
22,9834
31,9835
9,9836
25,9837
32,9838
30,9839
13,9840
3,9841
4,9842
10,9843
4,9844
13,9845
3,9846
18,9847
13,9848
13,9849
4,9850
32,9851
30,9852
2,9853
2,9854
6,9855
9,9856
6,9857
24,9858
13,9859
12,9860
16,9861
33,9862
20,9863
4,9864
22,9865
24,9866
22,9867
1,9868
28,9869
11,9870
32,9871
8,9872
8,9873
4,9874
25,9875
13,9876
5,9877
24,9878
19,9879
18,9880
4,9881
28,9882
25,9883
29,9884
25,9885
18,9886
28,9887
9,9888
3,9889
27,9890
21,9891
5,9892
26,9893
23,9894
6,9895
9,9896
26,9897
21,9898
17,9899
31,9900
13,9901
31,9902
3,9903
18,9904
11,9905
5,9906
20,9907
8,9908
24,9909
10,9910
16,9911
29,9912
29,9913
32,9914
4,9915
2,9916
1,9917
22,9918
18,9919
23,9920
4,9921
27,9922
14,9923
22,9924
31,9925
26,9926
16,9927
14,9928
33,9929
8,9930
12,9931
13,9932
21,9933
20,9934
13,9935
14,9936
28,9937
3,9938
26,9939
10,9940
1,9941
14,9942
32,9943
27,9944
4,9945
9,9946
3,9947
32,9948
3,9949
29,9950
16,9951
31,9952
16,9953
26,9954
27,9955
3,9956
16,9957
6,9958
28,9959
29,9960
28,9961
2,9962
29,9963
1,9964
18,9965
25,9966
28,9967
2,9968
3,9969
22,9970
22,9971
16,9972
5,9973
18,9974
13,9975
18,9976
18,9977
5,9978
25,9979
6,9980
24,9981
3,9982
12,9983
29,9984
10,9985
27,9986
12,9987
9,9988
21,9989
22,9990
22,9991
29,9992
20,9993
7,9994
17,9995
23,9996
3,9997
3,9998
28,9999
25,10000
